item_id,display_name,category,subcategory,required,obtained,has_stack,pct,obtain_method,difficulty,notes
minecraft:acacia_boat,Acacia Boat,Redstone/Utility,item,1,0,False,0.0,,LOW,
minecraft:water_bottle,Water Bottle,Brewing,potion,64,0,False,0.0,,LOW,
minecraft:aqua_affinity_i,Aqua Affinity I,Enchanting,enchant,64,0,False,0.0,,LOW,
minecraft:bolt_armor_trim,Bolt Armor Trim,Smithing,template,64,0,False,0.0,,LOW,
minecraft:angler_pottery_sherd,Angler Pottery Sherd,Pottery,pottery,64,0,False,0.0,,LOW,
minecraft:acacia_boat_with_chest,Acacia Boat with Chest,Redstone/Utility,item,1,0,False,0.0,,LOW,
minecraft:awkward_potion,Awkward Potion,Brewing,potion,1,0,False,0.0,,LOW,
minecraft:bane_of_arthropods_v,Bane of Arthropods V,Enchanting,enchant,64,0,False,0.0,,LOW,
minecraft:coast_armor_trim,Coast Armor Trim,Smithing,template,64,0,False,0.0,,LOW,
minecraft:archer_pottery_sherd,Archer Pottery Sherd,Pottery,pottery,64,0,False,0.0,,LOW,
minecraft:acacia_button,Acacia Button,Redstone/Utility,item,64,0,False,0.0,,LOW,
minecraft:mundane_potion,Mundane Potion,Brewing,potion,1,0,False,0.0,,LOW,
minecraft:blast_protection_iv,Blast Protection IV,Enchanting,enchant,64,0,False,0.0,,LOW,
minecraft:dune_armor_trim,Dune Armor Trim,Smithing,template,64,0,False,0.0,,LOW,
minecraft:arms_up_pottery_sherd,Arms Up Pottery Sherd,Pottery,pottery,64,0,False,0.0,,LOW,
minecraft:acacia_door,Acacia Door,Redstone/Utility,item,64,0,False,0.0,,LOW,
minecraft:thick_potion,Thick Potion,Brewing,potion,1,0,False,0.0,,LOW,
minecraft:breach_iv,Breach IV,Enchanting,enchant,64,0,False,0.0,,LOW,
minecraft:eye_armor_trim,Eye Armor Trim,Smithing,template,64,0,False,0.0,,LOW,
minecraft:blade_pottery_sherd,Blade Pottery Sherd,Pottery,pottery,64,0,False,0.0,,LOW,
minecraft:acacia_fence,Acacia Fence,Wood,item,64,0,False,0.0,,LOW,
minecraft:potion_of_regeneration,Potion of Regeneration,Brewing,potion,1,0,False,0.0,,LOW,
minecraft:channeling_i,Channeling I,Enchanting,enchant,64,0,False,0.0,,LOW,
minecraft:flow_armor_trim,Flow Armor Trim,Smithing,template,64,0,False,0.0,,LOW,
minecraft:brewer_pottery_sherd,Brewer Pottery Sherd,Pottery,pottery,64,0,False,0.0,,LOW,
minecraft:acacia_fence_gate,Acacia Fence Gate,Redstone/Utility,item,64,0,False,0.0,,LOW,
minecraft:potion_of_regeneration,Potion of Regeneration +,Brewing,potion,1,0,False,0.0,,LOW,
minecraft:curse_of_binding_i,Curse of Binding I,Enchanting,enchant,64,0,False,0.0,,LOW,
minecraft:host_armor_trim,Host Armor Trim,Smithing,template,64,0,False,0.0,,LOW,
minecraft:burn_pottery_sherd,Burn Pottery Sherd,Pottery,pottery,64,0,False,0.0,,LOW,
minecraft:acacia_hanging_sign,Acacia Hanging Sign,Redstone/Utility,item,16,0,False,0.0,,LOW,
minecraft:potion_of_regeneration_ii,Potion of Regeneration II,Brewing,potion,1,0,False,0.0,,LOW,
minecraft:curse_of_vanishing_i,Curse of Vanishing I,Enchanting,enchant,64,0,False,0.0,,LOW,
minecraft:netherite_upgrade,Netherite Upgrade,Smithing,template,64,0,False,0.0,,HIGH,
minecraft:danger_pottery_sherd,Danger Pottery Sherd,Pottery,pottery,64,0,False,0.0,,LOW,
minecraft:acacia_leaves,Acacia Leaves,Wood,item,64,0,False,0.0,,LOW,
minecraft:potion_of_swiftness,Potion of Swiftness,Brewing,potion,1,0,False,0.0,,LOW,
minecraft:density_v,Density V,Enchanting,enchant,64,0,False,0.0,,LOW,
minecraft:raiser_armor_trim,Raiser Armor Trim,Smithing,template,64,0,False,0.0,,LOW,
minecraft:explorer_pottery_sherd,Explorer Pottery Sherd,Pottery,pottery,64,0,False,0.0,,LOW,
minecraft:acacia_log,Acacia Log,Wood,item,64,0,False,0.0,,LOW,
minecraft:potion_of_swiftness,Potion of Swiftness +,Brewing,potion,1,0,False,0.0,,LOW,
minecraft:depth_strider_iii,Depth Strider III,Enchanting,enchant,64,0,False,0.0,,MEDIUM,
minecraft:rib_armor_trim,Rib Armor Trim,Smithing,template,64,0,False,0.0,,LOW,
minecraft:flow_pottery_sherd,Flow Pottery Sherd,Pottery,pottery,64,0,False,0.0,,LOW,
minecraft:acacia_planks,Acacia Planks,Wood,item,64,0,False,0.0,,LOW,
minecraft:potion_of_swiftness_ii,Potion of Swiftness II,Brewing,potion,1,0,False,0.0,,LOW,
minecraft:efficiency_v,Efficiency V,Enchanting,enchant,64,0,False,0.0,,LOW,
minecraft:sentry_armor_trim,Sentry Armor Trim,Smithing,template,64,0,False,0.0,,LOW,
minecraft:friend_pottery_sherd,Friend Pottery Sherd,Pottery,pottery,64,0,False,0.0,,HIGH,
minecraft:acacia_pressure_plate,Acacia Pressure Plate,Redstone/Utility,item,64,0,False,0.0,,LOW,
minecraft:potion_of_fire_resistance,Potion of Fire Resistance,Brewing,potion,1,0,False,0.0,,LOW,
minecraft:feather_falling_iv,Feather Falling IV,Enchanting,enchant,64,0,False,0.0,,LOW,
minecraft:shaper_armor_trim,Shaper Armor Trim,Smithing,template,64,0,False,0.0,,LOW,
minecraft:guster_pottery_sherd,Guster Pottery Sherd,Pottery,pottery,64,0,False,0.0,,LOW,
minecraft:acacia_sapling,Acacia Sapling,Wood,item,64,0,False,0.0,,LOW,
minecraft:potion_of_fire_resistance,Potion of Fire Resistance +,Brewing,potion,1,0,False,0.0,,LOW,
minecraft:fire_aspect_ii,Fire Aspect II,Enchanting,enchant,64,0,False,0.0,,LOW,
minecraft:silence_armor_trim,Silence Armor Trim,Smithing,template,64,0,False,0.0,,EXTREME,
minecraft:heart_pottery_sherd,Heart Pottery Sherd,Pottery,pottery,64,0,False,0.0,,LOW,
minecraft:acacia_shelf,Acacia Shelf,Wood,item,64,0,False,0.0,,LOW,
minecraft:potion_of_healing,Potion of Healing,Brewing,potion,1,0,False,0.0,,LOW,
minecraft:fire_protection_iv,Fire Protection IV,Enchanting,enchant,64,0,False,0.0,,LOW,
minecraft:snout_armor_trim,Snout Armor Trim,Smithing,template,64,0,False,0.0,,LOW,
minecraft:heartbreak_pottery_sherd,Heartbreak Pottery Sherd,Pottery,pottery,64,0,False,0.0,,LOW,
minecraft:acacia_sign,Acacia Sign,Redstone/Utility,item,16,0,False,0.0,,LOW,
minecraft:potion_of_healing_ii,Potion of Healing II,Brewing,potion,1,0,False,0.0,,LOW,
minecraft:flame_i,Flame I,Enchanting,enchant,64,0,False,0.0,,LOW,
minecraft:spire_armor_trim,Spire Armor Trim,Smithing,template,64,0,False,0.0,,LOW,
minecraft:howl_pottery_sherd,Howl Pottery Sherd,Pottery,pottery,64,0,False,0.0,,LOW,
minecraft:acacia_slab,Acacia Slab,Wood,item,64,0,False,0.0,,LOW,
minecraft:potion_of_night_vision,Potion of Night Vision,Brewing,potion,1,0,False,0.0,,LOW,
minecraft:fortune_iii,Fortune III,Enchanting,enchant,64,0,False,0.0,,LOW,
minecraft:tide_armor_trim,Tide Armor Trim,Smithing,template,64,0,False,0.0,,LOW,
minecraft:miner_pottery_sherd,Miner Pottery Sherd,Pottery,pottery,64,0,False,0.0,,LOW,
minecraft:acacia_stairs,Acacia Stairs,Wood,item,64,0,False,0.0,,LOW,
minecraft:potion_of_night_vision,Potion of Night Vision +,Brewing,potion,1,0,False,0.0,,LOW,
minecraft:frost_walker_ii,Frost Walker II,Enchanting,enchant,64,0,False,0.0,,LOW,
minecraft:vex_armor_trim,Vex Armor Trim,Smithing,template,64,0,False,0.0,,LOW,
minecraft:mourner_pottery_sherd,Mourner Pottery Sherd,Pottery,pottery,64,0,False,0.0,,LOW,
minecraft:acacia_trapdoor,Acacia Trapdoor,Redstone/Utility,item,64,0,False,0.0,,LOW,
minecraft:potion_of_strength,Potion of Strength,Brewing,potion,1,0,False,0.0,,LOW,
minecraft:impaling_v,Impaling V,Enchanting,enchant,64,0,False,0.0,,LOW,
minecraft:ward_armor_trim,Ward Armor Trim,Smithing,template,64,0,False,0.0,,LOW,
minecraft:plenty_pottery_sherd,Plenty Pottery Sherd,Pottery,pottery,64,0,False,0.0,,LOW,
minecraft:acacia_wood,Acacia Wood,Wood,item,64,0,False,0.0,,LOW,
minecraft:potion_of_strength,Potion of Strength +,Brewing,potion,1,0,False,0.0,,LOW,
minecraft:infinity_i,Infinity I,Enchanting,enchant,64,0,False,0.0,,LOW,
minecraft:wayfinder_armor_trim,Wayfinder Armor Trim,Smithing,template,64,0,False,0.0,,LOW,
minecraft:prize_pottery_sherd,Prize Pottery Sherd,Pottery,pottery,64,0,False,0.0,,LOW,
minecraft:activator_rail,Activator Rail,Redstone/Utility,item,64,0,False,0.0,,LOW,
minecraft:potion_of_strength_ii,Potion of Strength II,Brewing,potion,1,0,False,0.0,,LOW,
minecraft:knockback_ii,Knockback II,Enchanting,enchant,64,0,False,0.0,,LOW,
minecraft:wild_armor_trim,Wild Armor Trim,Smithing,template,64,0,False,0.0,,LOW,
minecraft:scrape_pottery_sherd,Scrape Pottery Sherd,Pottery,pottery,64,0,False,0.0,,LOW,
minecraft:allium,Allium,Misc,item,64,0,False,0.0,,LOW,
minecraft:potion_of_leaping,Potion of Leaping,Brewing,potion,1,0,False,0.0,,LOW,
minecraft:looting_iii,Looting III,Enchanting,enchant,64,0,False,0.0,,LOW,
minecraft:sheaf_pottery_sherd,Sheaf Pottery Sherd,Pottery,pottery,64,0,False,0.0,,LOW,
minecraft:amethyst_cluster,Amethyst Cluster,Materials,item,64,0,False,0.0,,LOW,
minecraft:potion_of_leaping,Potion of Leaping +,Brewing,potion,1,0,False,0.0,,LOW,
minecraft:loyalty_iii,Loyalty III,Enchanting,enchant,64,0,False,0.0,,LOW,
minecraft:shelter_pottery_sherd,Shelter Pottery Sherd,Pottery,pottery,64,0,False,0.0,,LOW,
minecraft:amethyst_shard,Amethyst Shard,Materials,item,64,0,False,0.0,,LOW,
minecraft:potion_of_leaping_ii,Potion of Leaping II,Brewing,potion,1,0,False,0.0,,LOW,
minecraft:luck_of_the_sea_iii,Luck of the Sea III,Enchanting,enchant,64,0,False,0.0,,LOW,
minecraft:skull_pottery_sherd,Skull Pottery Sherd,Pottery,pottery,64,0,False,0.0,,LOW,
minecraft:ancient_debris,Ancient Debris,Materials,item,64,0,False,0.0,,EXTREME,
minecraft:potion_of_water_breathing,Potion of Water Breathing,Brewing,potion,1,0,False,0.0,,LOW,
minecraft:lunge_iii,Lunge III,Enchanting,enchant,64,0,False,0.0,,LOW,
minecraft:snort_pottery_sherd,Snort Pottery Sherd,Pottery,pottery,64,0,False,0.0,,LOW,
minecraft:andesite,Andesite,Building,item,64,0,False,0.0,,LOW,
minecraft:potion_of_water_breathing,Potion of Water Breathing +,Brewing,potion,1,0,False,0.0,,LOW,
minecraft:lure_iii,Lure III,Enchanting,enchant,64,0,False,0.0,,LOW,
minecraft:angler_decorated_pot,Angler Decorated Pot,Pottery,pottery,1,0,False,0.0,,LOW,
minecraft:andesite_slab,Andesite Slab,Building,item,64,0,False,0.0,,LOW,
minecraft:potion_of_invisibility,Potion of Invisibility,Brewing,potion,1,0,False,0.0,,LOW,
minecraft:mending_i,Mending I,Enchanting,enchant,64,0,False,0.0,,HIGH,
minecraft:archer_decorated_pot,Archer Decorated Pot,Pottery,pottery,1,0,False,0.0,,LOW,
minecraft:andesite_stairs,Andesite Stairs,Building,item,64,0,False,0.0,,LOW,
minecraft:potion_of_invisibility,Potion of Invisibility +,Brewing,potion,1,0,False,0.0,,LOW,
minecraft:multishot_i,Multishot I,Enchanting,enchant,64,0,False,0.0,,LOW,
minecraft:arms_up_decorated_pot,Arms Up Decorated Pot,Pottery,pottery,1,0,False,0.0,,LOW,
minecraft:andesite_wall,Andesite Wall,Building,item,64,0,False,0.0,,LOW,
minecraft:potion_of_slow_falling,Potion of Slow Falling,Brewing,potion,1,0,False,0.0,,LOW,
minecraft:piercing_iv,Piercing IV,Enchanting,enchant,64,0,False,0.0,,LOW,
minecraft:blade_decorated_pot,Blade Decorated Pot,Pottery,pottery,1,0,False,0.0,,LOW,
minecraft:anvil,Anvil,Redstone/Utility,item,64,0,False,0.0,,LOW,
minecraft:potion_of_slow_falling,Potion of Slow Falling +,Brewing,potion,1,0,False,0.0,,LOW,
minecraft:power_v,Power V,Enchanting,enchant,64,0,False,0.0,,LOW,
minecraft:brewer_decorated_pot,Brewer Decorated Pot,Pottery,pottery,1,0,False,0.0,,LOW,
minecraft:apple,Apple,Food,item,64,0,False,0.0,,LOW,
minecraft:potion_of_poison,Potion of Poison,Brewing,potion,1,0,False,0.0,,LOW,
minecraft:projectile_protection_iv,Projectile Protection IV,Enchanting,enchant,64,0,False,0.0,,LOW,
minecraft:brick_decorated_pot,Brick Decorated Pot,Pottery,pottery,1,0,False,0.0,,LOW,
minecraft:armadillo_scute,Armadillo Scute,Misc,item,64,0,False,0.0,,LOW,
minecraft:potion_of_poison,Potion of Poison +,Brewing,potion,1,0,False,0.0,,LOW,
minecraft:protection_iv,Protection IV,Enchanting,enchant,64,0,False,0.0,,LOW,
minecraft:burn_decorated_pot,Burn Decorated Pot,Pottery,pottery,1,0,False,0.0,,LOW,
minecraft:armor_stand,Armor Stand,Tools,item,1,0,False,0.0,,LOW,
minecraft:potion_of_poison_ii,Potion of Poison II,Brewing,potion,1,0,False,0.0,,LOW,
minecraft:punch_ii,Punch II,Enchanting,enchant,64,0,False,0.0,,LOW,
minecraft:danger_decorated_pot,Danger Decorated Pot,Pottery,pottery,1,0,False,0.0,,LOW,
minecraft:arrow,Arrow,Weapons,item,64,0,False,0.0,,LOW,
minecraft:potion_of_weakness,Potion of Weakness,Brewing,potion,1,0,False,0.0,,LOW,
minecraft:quick_charge_iii,Quick Charge III,Enchanting,enchant,64,0,False,0.0,,LOW,
minecraft:decorated_pot,Decorated Pot,Pottery,pottery,1,0,False,0.0,,LOW,
minecraft:arrow_of_decay,Arrow of Decay‌ [BE],Weapons,item,64,0,False,0.0,,LOW,
minecraft:potion_of_weakness,Potion of Weakness +,Brewing,potion,1,0,False,0.0,,LOW,
minecraft:respiration_iii,Respiration III,Enchanting,enchant,64,0,False,0.0,,LOW,
minecraft:explorer_decorated_pot,Explorer Decorated Pot,Pottery,pottery,1,0,False,0.0,,LOW,
minecraft:arrow_of_fire_resistance,Arrow of Fire Resistance,Weapons,item,64,0,False,0.0,,LOW,
minecraft:potion_of_slowness,Potion of Slowness,Brewing,potion,1,0,False,0.0,,LOW,
minecraft:riptide_iii,Riptide III,Enchanting,enchant,64,0,False,0.0,,LOW,
minecraft:flow_decorated_pot,Flow Decorated Pot,Pottery,pottery,1,0,False,0.0,,LOW,
minecraft:arrow_of_fire_resistance,Arrow of Fire Resistance +,Weapons,item,64,0,False,0.0,,LOW,
minecraft:potion_of_slowness,Potion of Slowness +,Brewing,potion,1,0,False,0.0,,LOW,
minecraft:sharpness_v,Sharpness V,Enchanting,enchant,64,0,False,0.0,,LOW,
minecraft:friend_decorated_pot,Friend Decorated Pot,Pottery,pottery,1,0,False,0.0,,HIGH,
minecraft:arrow_of_harming,Arrow of Harming,Weapons,item,64,0,False,0.0,,LOW,
minecraft:potion_of_slowness_iv,Potion of Slowness IV,Brewing,potion,1,0,False,0.0,,LOW,
minecraft:silk_touch_i,Silk Touch I,Enchanting,enchant,64,0,False,0.0,,LOW,
minecraft:guster_decorated_pot,Guster Decorated Pot,Pottery,pottery,1,0,False,0.0,,LOW,
minecraft:arrow_of_harming_ii,Arrow of Harming II,Weapons,item,64,0,False,0.0,,LOW,
minecraft:potion_of_harming,Potion of Harming,Brewing,potion,1,0,False,0.0,,LOW,
minecraft:smite_v,Smite V,Enchanting,enchant,64,0,False,0.0,,LOW,
minecraft:heart_decorated_pot,Heart Decorated Pot,Pottery,pottery,1,0,False,0.0,,LOW,
minecraft:arrow_of_healing,Arrow of Healing,Weapons,item,64,0,False,0.0,,LOW,
minecraft:potion_of_harming_ii,Potion of Harming II,Brewing,potion,1,0,False,0.0,,LOW,
minecraft:soul_speed_iii,Soul Speed III,Enchanting,enchant,64,0,False,0.0,,EXTREME,
minecraft:heartbreak_decorated_pot,Heartbreak Decorated Pot,Pottery,pottery,1,0,False,0.0,,LOW,
minecraft:arrow_of_healing_ii,Arrow of Healing II,Weapons,item,64,0,False,0.0,,LOW,
minecraft:potion_of_the_turtle_master,Potion of the Turtle Master,Brewing,potion,1,0,False,0.0,,LOW,
minecraft:sweeping_edge_iii,Sweeping Edge III [JE],Enchanting,enchant,64,0,False,0.0,,LOW,
minecraft:howl_decorated_pot,Howl Decorated Pot,Pottery,pottery,1,0,False,0.0,,LOW,
minecraft:arrow_of_infestation,Arrow of Infestation,Weapons,item,64,0,False,0.0,,LOW,
minecraft:potion_of_the_turtle_master,Potion of the Turtle Master +,Brewing,potion,1,0,False,0.0,,LOW,
minecraft:swift_sneak_iii,Swift Sneak III,Enchanting,enchant,64,0,False,0.0,,EXTREME,
minecraft:miner_decorated_pot,Miner Decorated Pot,Pottery,pottery,1,0,False,0.0,,LOW,
minecraft:arrow_of_invisibility,Arrow of Invisibility,Weapons,item,64,0,False,0.0,,LOW,
minecraft:potion_of_the_turtle_master_ii,Potion of the Turtle Master II,Brewing,potion,1,0,False,0.0,,LOW,
minecraft:thorns_iii,Thorns III,Enchanting,enchant,64,0,False,0.0,,LOW,
minecraft:mourner_decorated_pot,Mourner Decorated Pot,Pottery,pottery,1,0,False,0.0,,LOW,
minecraft:arrow_of_invisibility,Arrow of Invisibility +,Weapons,item,64,0,False,0.0,,LOW,
minecraft:potion_of_infestation,Potion of Infestation,Brewing,potion,1,0,False,0.0,,LOW,
minecraft:unbreaking_iii,Unbreaking III,Enchanting,enchant,64,0,False,0.0,,LOW,
minecraft:plenty_decorated_pot,Plenty Decorated Pot,Pottery,pottery,1,0,False,0.0,,LOW,
minecraft:arrow_of_leaping,Arrow of Leaping,Weapons,item,64,0,False,0.0,,LOW,
minecraft:potion_of_oozing,Potion of Oozing,Brewing,potion,1,0,False,0.0,,LOW,
minecraft:wind_burst_iii,Wind Burst III,Enchanting,enchant,64,0,False,0.0,,LOW,
minecraft:prize_decorated_pot,Prize Decorated Pot,Pottery,pottery,1,0,False,0.0,,LOW,
minecraft:arrow_of_leaping,Arrow of Leaping +,Weapons,item,64,0,False,0.0,,LOW,
minecraft:potion_of_weaving,Potion of Weaving,Brewing,potion,1,0,False,0.0,,LOW,
minecraft:scrape_decorated_pot,Scrape Decorated Pot,Pottery,pottery,1,0,False,0.0,,LOW,
minecraft:arrow_of_leaping_ii,Arrow of Leaping II,Weapons,item,64,0,False,0.0,,LOW,
minecraft:potion_of_wind_charging,Potion of Wind Charging,Brewing,potion,1,0,False,0.0,,LOW,
minecraft:sheaf_decorated_pot,Sheaf Decorated Pot,Pottery,pottery,1,0,False,0.0,,LOW,
minecraft:arrow_of_night_vision,Arrow of Night Vision,Weapons,item,64,0,False,0.0,,LOW,
minecraft:ominous_bottle,Ominous Bottle,Brewing,potion,1,0,False,0.0,,EXTREME,
minecraft:shelter_decorated_pot,Shelter Decorated Pot,Pottery,pottery,1,0,False,0.0,,LOW,
minecraft:arrow_of_night_vision,Arrow of Night Vision +,Weapons,item,64,0,False,0.0,,LOW,
minecraft:skull_decorated_pot,Skull Decorated Pot,Pottery,pottery,1,0,False,0.0,,LOW,
minecraft:arrow_of_oozing,Arrow of Oozing,Weapons,item,64,0,False,0.0,,LOW,
minecraft:splash_water_bottle,Splash Water Bottle,Brewing,potion,1,0,False,0.0,,LOW,
minecraft:snort_decorated_pot,Snort Decorated Pot,Pottery,pottery,1,0,False,0.0,,LOW,
minecraft:arrow_of_poison,Arrow of Poison,Weapons,item,64,0,False,0.0,,LOW,
minecraft:splash_awkward_potion,Splash Awkward Potion,Brewing,potion,1,0,False,0.0,,LOW,
minecraft:arrow_of_poison,Arrow of Poison +,Weapons,item,64,0,False,0.0,,LOW,
minecraft:splash_mundane_potion,Splash Mundane Potion,Brewing,potion,1,0,False,0.0,,LOW,
minecraft:arrow_of_poison_ii,Arrow of Poison II,Weapons,item,64,0,False,0.0,,LOW,
minecraft:splash_thick_potion,Splash Thick Potion,Brewing,potion,1,0,False,0.0,,LOW,
minecraft:arrow_of_regeneration,Arrow of Regeneration,Weapons,item,64,0,False,0.0,,LOW,
minecraft:splash_potion_of_regeneration,Splash Potion of Regeneration,Brewing,potion,1,0,False,0.0,,LOW,
minecraft:arrow_of_regeneration,Arrow of Regeneration +,Weapons,item,64,0,False,0.0,,LOW,
minecraft:splash_potion_of_regeneration,Splash Potion of Regeneration +,Brewing,potion,1,0,False,0.0,,LOW,
minecraft:arrow_of_regeneration_ii,Arrow of Regeneration II,Weapons,item,64,0,False,0.0,,LOW,
minecraft:splash_potion_of_regeneration_ii,Splash Potion of Regeneration II,Brewing,potion,1,0,False,0.0,,LOW,
minecraft:arrow_of_slow_falling,Arrow of Slow Falling,Weapons,item,64,0,False,0.0,,LOW,
minecraft:splash_potion_of_swiftness,Splash Potion of Swiftness,Brewing,potion,1,0,False,0.0,,LOW,
minecraft:arrow_of_slow_falling,Arrow of Slow Falling +,Weapons,item,64,0,False,0.0,,LOW,
minecraft:splash_potion_of_swiftness,Splash Potion of Swiftness +,Brewing,potion,1,0,False,0.0,,LOW,
minecraft:arrow_of_slowness,Arrow of Slowness,Weapons,item,64,0,False,0.0,,LOW,
minecraft:splash_potion_of_swiftness_ii,Splash Potion of Swiftness II,Brewing,potion,1,0,False,0.0,,LOW,
minecraft:arrow_of_slowness,Arrow of Slowness +,Weapons,item,64,0,False,0.0,,LOW,
minecraft:splash_potion_of_fire_resistance,Splash Potion of Fire Resistance,Brewing,potion,1,0,False,0.0,,LOW,
minecraft:arrow_of_slowness_iv,Arrow of Slowness IV,Weapons,item,64,0,False,0.0,,LOW,
minecraft:splash_potion_of_fire_resistance,Splash Potion of Fire Resistance +,Brewing,potion,1,0,False,0.0,,LOW,
minecraft:arrow_of_splashing,Arrow of Splashing [JE],Brewing,item,1,0,False,0.0,,LOW,
minecraft:splash_potion_of_healing,Splash Potion of Healing,Brewing,potion,1,0,False,0.0,,LOW,
minecraft:arrow_of_strength,Arrow of Strength,Weapons,item,64,0,False,0.0,,LOW,
minecraft:splash_potion_of_healing_ii,Splash Potion of Healing II,Brewing,potion,1,0,False,0.0,,LOW,
minecraft:arrow_of_strength,Arrow of Strength +,Weapons,item,64,0,False,0.0,,LOW,
minecraft:splash_potion_of_night_vision,Splash Potion of Night Vision,Brewing,potion,1,0,False,0.0,,LOW,
minecraft:arrow_of_strength_ii,Arrow of Strength II,Weapons,item,64,0,False,0.0,,LOW,
minecraft:splash_potion_of_night_vision,Splash Potion of Night Vision +,Brewing,potion,1,0,False,0.0,,LOW,
minecraft:arrow_of_swiftness,Arrow of Swiftness,Weapons,item,64,0,False,0.0,,LOW,
minecraft:splash_potion_of_strength,Splash Potion of Strength,Brewing,potion,1,0,False,0.0,,LOW,
minecraft:arrow_of_swiftness,Arrow of Swiftness +,Weapons,item,64,0,False,0.0,,LOW,
minecraft:splash_potion_of_strength,Splash Potion of Strength +,Brewing,potion,1,0,False,0.0,,LOW,
minecraft:arrow_of_swiftness_ii,Arrow of Swiftness II,Weapons,item,64,0,False,0.0,,LOW,
minecraft:splash_potion_of_strength_ii,Splash Potion of Strength II,Brewing,potion,1,0,False,0.0,,LOW,
minecraft:arrow_of_the_turtle_master,Arrow of the Turtle Master,Weapons,item,64,0,False,0.0,,LOW,
minecraft:splash_potion_of_leaping,Splash Potion of Leaping,Brewing,potion,1,0,False,0.0,,LOW,
minecraft:arrow_of_the_turtle_master,Arrow of the Turtle Master +,Weapons,item,64,0,False,0.0,,LOW,
minecraft:splash_potion_of_leaping,Splash Potion of Leaping +,Brewing,potion,1,0,False,0.0,,LOW,
minecraft:arrow_of_the_turtle_master_ii,Arrow of the Turtle Master II,Weapons,item,64,0,False,0.0,,LOW,
minecraft:splash_potion_of_leaping_ii,Splash Potion of Leaping II,Brewing,potion,1,0,False,0.0,,LOW,
minecraft:arrow_of_water_breathing,Arrow of Water Breathing,Weapons,item,64,0,False,0.0,,LOW,
minecraft:splash_potion_of_water_breathing,Splash Potion of Water Breathing,Brewing,potion,1,0,False,0.0,,LOW,
minecraft:arrow_of_water_breathing,Arrow of Water Breathing +,Weapons,item,64,0,False,0.0,,LOW,
minecraft:splash_potion_of_water_breathing,Splash Potion of Water Breathing +,Brewing,potion,1,0,False,0.0,,LOW,
minecraft:arrow_of_weakness,Arrow of Weakness,Weapons,item,64,0,False,0.0,,LOW,
minecraft:splash_potion_of_invisibility,Splash Potion of Invisibility,Brewing,potion,1,0,False,0.0,,LOW,
minecraft:arrow_of_weakness,Arrow of Weakness +,Weapons,item,64,0,False,0.0,,LOW,
minecraft:splash_potion_of_invisibility,Splash Potion of Invisibility +,Brewing,potion,1,0,False,0.0,,LOW,
minecraft:arrow_of_weaving,Arrow of Weaving,Weapons,item,64,0,False,0.0,,LOW,
minecraft:splash_potion_of_slow_falling,Splash Potion of Slow Falling,Brewing,potion,1,0,False,0.0,,LOW,
minecraft:arrow_of_wind_charging,Arrow of Wind Charging,Weapons,item,64,0,False,0.0,,LOW,
minecraft:splash_potion_of_slow_falling,Splash Potion of Slow Falling +,Brewing,potion,1,0,False,0.0,,LOW,
minecraft:azalea,Azalea,Nature,item,64,0,False,0.0,,LOW,
minecraft:splash_potion_of_poison,Splash Potion of Poison,Brewing,potion,1,0,False,0.0,,LOW,
minecraft:azalea_leaves,Azalea Leaves,Nature,item,64,0,False,0.0,,LOW,
minecraft:splash_potion_of_poison,Splash Potion of Poison +,Brewing,potion,1,0,False,0.0,,LOW,
minecraft:azure_bluet,Azure Bluet,Misc,item,64,0,False,0.0,,LOW,
minecraft:splash_potion_of_poison_ii,Splash Potion of Poison II,Brewing,potion,1,0,False,0.0,,LOW,
minecraft:baked_potato,Baked Potato,Food,item,64,0,False,0.0,,LOW,
minecraft:splash_potion_of_weakness,Splash Potion of Weakness,Brewing,potion,1,0,False,0.0,,LOW,
minecraft:bamboo,Bamboo,Nature,item,64,0,False,0.0,,LOW,
minecraft:splash_potion_of_weakness,Splash Potion of Weakness +,Brewing,potion,1,0,False,0.0,,LOW,
minecraft:bamboo_button,Bamboo Button,Redstone/Utility,item,64,0,False,0.0,,LOW,
minecraft:splash_potion_of_slowness,Splash Potion of Slowness,Brewing,potion,1,0,False,0.0,,LOW,
minecraft:bamboo_door,Bamboo Door,Redstone/Utility,item,64,0,False,0.0,,LOW,
minecraft:splash_potion_of_slowness,Splash Potion of Slowness +,Brewing,potion,1,0,False,0.0,,LOW,
minecraft:bamboo_fence,Bamboo Fence,Wood,item,64,0,False,0.0,,LOW,
minecraft:splash_potion_of_slowness_iv,Splash Potion of Slowness IV,Brewing,potion,1,0,False,0.0,,LOW,
minecraft:bamboo_fence_gate,Bamboo Fence Gate,Redstone/Utility,item,64,0,False,0.0,,LOW,
minecraft:splash_potion_of_harming,Splash Potion of Harming,Brewing,potion,1,0,False,0.0,,LOW,
minecraft:bamboo_hanging_sign,Bamboo Hanging Sign,Redstone/Utility,item,16,0,False,0.0,,LOW,
minecraft:splash_potion_of_harming_ii,Splash Potion of Harming II,Brewing,potion,1,0,False,0.0,,LOW,
minecraft:bamboo_mosaic,Bamboo Mosaic,Nature,item,64,0,False,0.0,,LOW,
minecraft:splash_potion_of_the_turtle_master,Splash Potion of the Turtle Master,Brewing,potion,1,0,False,0.0,,LOW,
minecraft:bamboo_mosaic_slab,Bamboo Mosaic Slab,Wood,item,64,0,False,0.0,,LOW,
minecraft:splash_potion_of_the_turtle_master,Splash Potion of the Turtle Master +,Brewing,potion,1,0,False,0.0,,LOW,
minecraft:bamboo_mosaic_stairs,Bamboo Mosaic Stairs,Wood,item,64,0,False,0.0,,LOW,
minecraft:splash_potion_of_the_turtle_master_ii,Splash Potion of the Turtle Master II,Brewing,potion,1,0,False,0.0,,LOW,
minecraft:bamboo_planks,Bamboo Planks,Wood,item,64,0,False,0.0,,LOW,
minecraft:splash_potion_of_infestation,Splash Potion of Infestation,Brewing,potion,1,0,False,0.0,,LOW,
minecraft:bamboo_pressure_plate,Bamboo Pressure Plate,Redstone/Utility,item,64,0,False,0.0,,LOW,
minecraft:splash_potion_of_oozing,Splash Potion of Oozing,Brewing,potion,1,0,False,0.0,,LOW,
minecraft:bamboo_raft,Bamboo Raft,Nature,item,64,0,False,0.0,,LOW,
minecraft:splash_potion_of_weaving,Splash Potion of Weaving,Brewing,potion,1,0,False,0.0,,LOW,
minecraft:bamboo_raft_with_chest,Bamboo Raft with Chest,Redstone/Utility,item,64,0,False,0.0,,LOW,
minecraft:splash_potion_of_wind_charging,Splash Potion of Wind Charging,Brewing,potion,1,0,False,0.0,,LOW,
minecraft:bamboo_shelf,Bamboo Shelf,Wood,item,64,0,False,0.0,,LOW,
minecraft:bamboo_sign,Bamboo Sign,Redstone/Utility,item,16,0,False,0.0,,LOW,
minecraft:lingering_water_bottle,Lingering Water Bottle,Brewing,potion,1,0,False,0.0,,LOW,
minecraft:bamboo_slab,Bamboo Slab,Wood,item,64,0,False,0.0,,LOW,
minecraft:lingering_awkward_potion,Lingering Awkward Potion,Brewing,potion,1,0,False,0.0,,LOW,
minecraft:bamboo_stairs,Bamboo Stairs,Wood,item,64,0,False,0.0,,LOW,
minecraft:lingering_mundane_potion,Lingering Mundane Potion,Brewing,potion,1,0,False,0.0,,LOW,
minecraft:bamboo_trapdoor,Bamboo Trapdoor,Redstone/Utility,item,64,0,False,0.0,,LOW,
minecraft:lingering_thick_potion,Lingering Thick Potion,Brewing,potion,1,0,False,0.0,,LOW,
minecraft:banner_pattern_bordure_indented,Banner Pattern (Bordure Indented),Decorative,item,1,0,False,0.0,,LOW,
minecraft:lingering_potion_of_regeneration,Lingering Potion of Regeneration,Brewing,potion,1,0,False,0.0,,LOW,
minecraft:banner_pattern_creeper_charge,Banner Pattern (Creeper Charge),Decorative,item,1,0,False,0.0,,LOW,
minecraft:lingering_potion_of_regeneration,Lingering Potion of Regeneration +,Brewing,potion,1,0,False,0.0,,LOW,
minecraft:banner_pattern_field_masoned,Banner Pattern (Field Masoned),Decorative,item,1,0,False,0.0,,LOW,
minecraft:lingering_potion_of_regeneration_ii,Lingering Potion of Regeneration II,Brewing,potion,1,0,False,0.0,,LOW,
minecraft:banner_pattern_flow,Banner Pattern (Flow),Decorative,item,1,0,False,0.0,,LOW,
minecraft:lingering_potion_of_swiftness,Lingering Potion of Swiftness,Brewing,potion,1,0,False,0.0,,LOW,
minecraft:banner_pattern_flower_charge,Banner Pattern (Flower Charge),Decorative,item,1,0,False,0.0,,LOW,
minecraft:lingering_potion_of_swiftness,Lingering Potion of Swiftness +,Brewing,potion,1,0,False,0.0,,LOW,
minecraft:banner_pattern_globe,Banner Pattern (Globe),Decorative,item,1,0,False,0.0,,LOW,
minecraft:lingering_potion_of_swiftness_ii,Lingering Potion of Swiftness II,Brewing,potion,1,0,False,0.0,,LOW,
minecraft:banner_pattern_gust,Banner Pattern (Gust),Decorative,item,1,0,False,0.0,,LOW,
minecraft:lingering_potion_of_fire_resistance,Lingering Potion of Fire Resistance,Brewing,potion,1,0,False,0.0,,LOW,
minecraft:banner_pattern_skull_charge,Banner Pattern (Skull Charge),Decorative,item,1,0,False,0.0,,LOW,
minecraft:lingering_potion_of_fire_resistance,Lingering Potion of Fire Resistance +,Brewing,potion,1,0,False,0.0,,LOW,
minecraft:banner_pattern_snout,Banner Pattern (Snout),Decorative,item,1,0,False,0.0,,LOW,
minecraft:lingering_potion_of_healing,Lingering Potion of Healing,Brewing,potion,1,0,False,0.0,,LOW,
minecraft:banner_pattern_thing,Banner Pattern (Thing),Decorative,item,1,0,False,0.0,,LOW,
minecraft:lingering_potion_of_healing_ii,Lingering Potion of Healing II,Brewing,potion,1,0,False,0.0,,LOW,
minecraft:barrel,Barrel,Redstone/Utility,item,64,0,False,0.0,,LOW,
minecraft:lingering_potion_of_night_vision,Lingering Potion of Night Vision,Brewing,potion,1,0,False,0.0,,LOW,
minecraft:basalt,Basalt,Building,item,64,0,False,0.0,,LOW,
minecraft:lingering_potion_of_night_vision,Lingering Potion of Night Vision +,Brewing,potion,1,0,False,0.0,,LOW,
minecraft:beacon,Beacon,Special,item,64,0,False,0.0,,MEDIUM,
minecraft:lingering_potion_of_strength,Lingering Potion of Strength,Brewing,potion,1,0,False,0.0,,LOW,
minecraft:bee_nest,Bee Nest,Misc,item,64,0,False,0.0,,LOW,
minecraft:lingering_potion_of_strength,Lingering Potion of Strength +,Brewing,potion,1,0,False,0.0,,LOW,
minecraft:beehive,Beehive,Misc,item,64,0,False,0.0,,LOW,
minecraft:lingering_potion_of_strength_ii,Lingering Potion of Strength II,Brewing,potion,1,0,False,0.0,,LOW,
minecraft:beetroot,Beetroot,Misc,item,64,0,False,0.0,,LOW,
minecraft:lingering_potion_of_leaping,Lingering Potion of Leaping,Brewing,potion,1,0,False,0.0,,LOW,
minecraft:beetroot_seeds,Beetroot Seeds,Nature,item,64,0,False,0.0,,LOW,
minecraft:lingering_potion_of_leaping,Lingering Potion of Leaping +,Brewing,potion,1,0,False,0.0,,LOW,
minecraft:beetroot_soup,Beetroot Soup,Food,item,64,0,False,0.0,,LOW,
minecraft:lingering_potion_of_leaping_ii,Lingering Potion of Leaping II,Brewing,potion,1,0,False,0.0,,LOW,
minecraft:bell,Bell,Special,item,64,0,False,0.0,,LOW,
minecraft:lingering_potion_of_water_breathing,Lingering Potion of Water Breathing,Brewing,potion,1,0,False,0.0,,LOW,
minecraft:big_dripleaf,Big Dripleaf,Nature,item,64,0,False,0.0,,LOW,
minecraft:lingering_potion_of_water_breathing,Lingering Potion of Water Breathing +,Brewing,potion,1,0,False,0.0,,LOW,
minecraft:birch_boat,Birch Boat,Redstone/Utility,item,1,0,False,0.0,,LOW,
minecraft:lingering_potion_of_invisibility,Lingering Potion of Invisibility,Brewing,potion,1,0,False,0.0,,LOW,
minecraft:birch_boat_with_chest,Birch Boat with Chest,Redstone/Utility,item,1,0,False,0.0,,LOW,
minecraft:lingering_potion_of_invisibility,Lingering Potion of Invisibility +,Brewing,potion,1,0,False,0.0,,LOW,
minecraft:birch_button,Birch Button,Redstone/Utility,item,64,0,False,0.0,,LOW,
minecraft:lingering_potion_of_slow_falling,Lingering Potion of Slow Falling,Brewing,potion,1,0,False,0.0,,LOW,
minecraft:birch_door,Birch Door,Redstone/Utility,item,64,0,False,0.0,,LOW,
minecraft:lingering_potion_of_slow_falling,Lingering Potion of Slow Falling +,Brewing,potion,1,0,False,0.0,,LOW,
minecraft:birch_fence,Birch Fence,Wood,item,64,0,False,0.0,,LOW,
minecraft:lingering_potion_of_poison,Lingering Potion of Poison,Brewing,potion,1,0,False,0.0,,LOW,
minecraft:birch_fence_gate,Birch Fence Gate,Redstone/Utility,item,64,0,False,0.0,,LOW,
minecraft:lingering_potion_of_poison,Lingering Potion of Poison +,Brewing,potion,1,0,False,0.0,,LOW,
minecraft:birch_hanging_sign,Birch Hanging Sign,Redstone/Utility,item,16,0,False,0.0,,LOW,
minecraft:lingering_potion_of_poison_ii,Lingering Potion of Poison II,Brewing,potion,1,0,False,0.0,,LOW,
minecraft:birch_leaves,Birch Leaves,Wood,item,64,0,False,0.0,,LOW,
minecraft:lingering_potion_of_weakness,Lingering Potion of Weakness,Brewing,potion,1,0,False,0.0,,LOW,
minecraft:birch_log,Birch Log,Wood,item,64,19,False,29.7,,LOW,
minecraft:lingering_potion_of_weakness,Lingering Potion of Weakness +,Brewing,potion,1,0,False,0.0,,LOW,
minecraft:birch_planks,Birch Planks,Wood,item,64,76,True,100,,LOW,
minecraft:lingering_potion_of_slowness,Lingering Potion of Slowness,Brewing,potion,1,0,False,0.0,,LOW,
minecraft:birch_pressure_plate,Birch Pressure Plate,Redstone/Utility,item,64,0,False,0.0,,LOW,
minecraft:lingering_potion_of_slowness,Lingering Potion of Slowness +,Brewing,potion,1,0,False,0.0,,LOW,
minecraft:birch_sapling,Birch Sapling,Wood,item,64,3,False,4.7,,LOW,
minecraft:lingering_potion_of_slowness_iv,Lingering Potion of Slowness IV,Brewing,potion,1,0,False,0.0,,LOW,
minecraft:birch_shelf,Birch Shelf,Wood,item,64,0,False,0.0,,LOW,
minecraft:lingering_potion_of_harming,Lingering Potion of Harming,Brewing,potion,1,0,False,0.0,,LOW,
minecraft:birch_sign,Birch Sign,Redstone/Utility,item,16,0,False,0.0,,LOW,
minecraft:lingering_potion_of_harming_ii,Lingering Potion of Harming II,Brewing,potion,1,0,False,0.0,,LOW,
minecraft:birch_slab,Birch Slab,Wood,item,64,0,False,0.0,,LOW,
minecraft:lingering_potion_of_the_turtle_master,Lingering Potion of the Turtle Master,Brewing,potion,1,0,False,0.0,,LOW,
minecraft:birch_stairs,Birch Stairs,Wood,item,64,0,False,0.0,,LOW,
minecraft:lingering_potion_of_the_turtle_master,Lingering Potion of the Turtle Master +,Brewing,potion,1,0,False,0.0,,LOW,
minecraft:birch_trapdoor,Birch Trapdoor,Redstone/Utility,item,64,0,False,0.0,,LOW,
minecraft:lingering_potion_of_the_turtle_master_ii,Lingering Potion of the Turtle Master II,Brewing,potion,1,0,False,0.0,,LOW,
minecraft:birch_wood,Birch Wood,Wood,item,64,0,False,0.0,,LOW,
minecraft:lingering_potion_of_infestation,Lingering Potion of Infestation,Brewing,potion,1,0,False,0.0,,LOW,
minecraft:black_banner,Black Banner,Decorative,item,1,0,False,0.0,,LOW,
minecraft:lingering_potion_of_oozing,Lingering Potion of Oozing,Brewing,potion,1,0,False,0.0,,LOW,
minecraft:black_bed,Black Bed,Decorative,item,1,0,False,0.0,,LOW,
minecraft:lingering_potion_of_weaving,Lingering Potion of Weaving,Brewing,potion,1,0,False,0.0,,LOW,
minecraft:black_bundle,Black Bundle,Decorative,item,1,0,False,0.0,,LOW,
minecraft:lingering_potion_of_wind_charging,Lingering Potion of Wind Charging,Brewing,potion,1,0,False,0.0,,LOW,
minecraft:black_candle,Black Candle,Decorative,item,64,0,False,0.0,,LOW,
minecraft:black_carpet,Black Carpet,Decorative,item,64,0,False,0.0,,LOW,
minecraft:black_concrete,Black Concrete,Decorative,item,64,0,False,0.0,,LOW,
minecraft:black_concrete_powder,Black Concrete Powder,Decorative,item,64,0,False,0.0,,LOW,
minecraft:black_dye,Black Dye,Decorative,item,64,0,False,0.0,,LOW,
minecraft:black_glazed_terracotta,Black Glazed Terracotta,Decorative,item,64,0,False,0.0,,LOW,
minecraft:black_harness,Black Harness,Armor,item,1,0,False,0.0,,LOW,
minecraft:black_shulker_box,Black Shulker Box,Decorative,item,1,0,False,0.0,,EXTREME,
minecraft:black_stained_glass,Black Stained Glass,Decorative,item,64,0,False,0.0,,LOW,
minecraft:black_stained_glass_pane,Black Stained Glass Pane,Decorative,item,64,0,False,0.0,,LOW,
minecraft:black_terracotta,Black Terracotta,Decorative,item,64,0,False,0.0,,LOW,
minecraft:black_wool,Black Wool,Decorative,item,64,0,False,0.0,,LOW,
minecraft:blackstone,Blackstone,Building,item,64,0,False,0.0,,LOW,
minecraft:blackstone_slab,Blackstone Slab,Building,item,64,0,False,0.0,,LOW,
minecraft:blackstone_stairs,Blackstone Stairs,Building,item,64,0,False,0.0,,LOW,
minecraft:blackstone_wall,Blackstone Wall,Building,item,64,0,False,0.0,,LOW,
minecraft:blast_furnace,Blast Furnace,Redstone/Utility,item,64,0,False,0.0,,LOW,
minecraft:blaze_powder,Blaze Powder,Misc,item,64,0,False,0.0,,HIGH,
minecraft:blaze_rod,Blaze Rod,Misc,item,64,0,False,0.0,,HIGH,
minecraft:block_of_amethyst,Block of Amethyst,Materials,item,64,0,False,0.0,,LOW,
minecraft:block_of_bamboo,Block of Bamboo,Wood,item,64,0,False,0.0,,LOW,
minecraft:block_of_coal,Block of Coal,Materials,item,64,0,False,0.0,,LOW,
minecraft:block_of_copper,Block of Copper,Misc,item,64,0,False,0.0,,LOW,
minecraft:block_of_diamond,Block of Diamond,Materials,item,64,0,False,0.0,,LOW,
minecraft:block_of_emerald,Block of Emerald,Materials,item,64,0,False,0.0,,LOW,
minecraft:block_of_gold,Block of Gold,Misc,item,64,0,False,0.0,,LOW,
minecraft:block_of_iron,Block of Iron,Misc,item,64,0,False,0.0,,LOW,
minecraft:block_of_lapis_lazuli,Block of Lapis Lazuli,Materials,item,64,0,False,0.0,,LOW,
minecraft:block_of_netherite,Block of Netherite,Materials,item,64,0,False,0.0,,HIGH,
minecraft:block_of_quartz,Block of Quartz,Materials,item,64,0,False,0.0,,LOW,
minecraft:block_of_raw_copper,Block of Raw Copper,Materials,item,64,0,False,0.0,,LOW,
minecraft:block_of_raw_gold,Block of Raw Gold,Materials,item,64,0,False,0.0,,LOW,
minecraft:block_of_raw_iron,Block of Raw Iron,Materials,item,64,0,False,0.0,,LOW,
minecraft:block_of_redstone,Block of Redstone,Redstone/Utility,item,64,0,False,0.0,,LOW,
minecraft:block_of_resin,Block of Resin,Misc,item,64,0,False,0.0,,LOW,
minecraft:block_of_stripped_bamboo,Block of Stripped Bamboo,Wood,item,64,0,False,0.0,,LOW,
minecraft:blue_banner,Blue Banner,Decorative,item,1,0,False,0.0,,LOW,
minecraft:blue_bed,Blue Bed,Decorative,item,1,0,False,0.0,,LOW,
minecraft:blue_bundle,Blue Bundle,Decorative,item,1,0,False,0.0,,LOW,
minecraft:blue_candle,Blue Candle,Decorative,item,64,0,False,0.0,,LOW,
minecraft:blue_carpet,Blue Carpet,Decorative,item,64,0,False,0.0,,LOW,
minecraft:blue_concrete,Blue Concrete,Decorative,item,64,0,False,0.0,,LOW,
minecraft:blue_concrete_powder,Blue Concrete Powder,Decorative,item,64,0,False,0.0,,LOW,
minecraft:blue_dye,Blue Dye,Decorative,item,64,0,False,0.0,,LOW,
minecraft:blue_egg,Blue Egg,Food,item,16,0,False,0.0,,LOW,
minecraft:blue_glazed_terracotta,Blue Glazed Terracotta,Decorative,item,64,0,False,0.0,,LOW,
minecraft:blue_harness,Blue Harness,Armor,item,1,0,False,0.0,,LOW,
minecraft:blue_ice,Blue Ice,Misc,item,64,0,False,0.0,,LOW,
minecraft:blue_orchid,Blue Orchid,Misc,item,64,0,False,0.0,,LOW,
minecraft:blue_shulker_box,Blue Shulker Box,Decorative,item,1,0,False,0.0,,EXTREME,
minecraft:blue_stained_glass,Blue Stained Glass,Decorative,item,64,0,False,0.0,,LOW,
minecraft:blue_stained_glass_pane,Blue Stained Glass Pane,Decorative,item,64,0,False,0.0,,LOW,
minecraft:blue_terracotta,Blue Terracotta,Decorative,item,64,0,False,0.0,,LOW,
minecraft:blue_wool,Blue Wool,Decorative,item,64,0,False,0.0,,LOW,
minecraft:bone,Bone,Misc,item,64,0,False,0.0,,LOW,
minecraft:bone_block,Bone Block,Misc,item,64,0,False,0.0,,LOW,
minecraft:bone_meal,Bone Meal,Misc,item,64,0,False,0.0,,LOW,
minecraft:book,Book,Misc,item,64,0,False,0.0,,LOW,
minecraft:book_and_quill,Book and Quill,Misc,item,64,0,False,0.0,,LOW,
minecraft:bookshelf,Bookshelf,Misc,item,64,0,False,0.0,,LOW,
minecraft:bottle_o_enchanting,Bottle o' Enchanting,Enchanting,item,64,0,False,0.0,,LOW,
minecraft:bow,Bow,Weapons,item,1,0,False,0.0,,LOW,
minecraft:bowl,Bowl,Weapons,item,1,0,False,0.0,,LOW,
minecraft:brain_coral,Brain Coral,Misc,item,64,0,False,0.0,,LOW,
minecraft:brain_coral_block,Brain Coral Block,Misc,item,64,0,False,0.0,,LOW,
minecraft:brain_coral_fan,Brain Coral Fan,Misc,item,64,0,False,0.0,,LOW,
minecraft:bread,Bread,Food,item,64,64,True,100.0,,LOW,
minecraft:breeze_rod,Breeze Rod,Misc,item,64,0,False,0.0,,LOW,
minecraft:brewing_stand,Brewing Stand,Redstone/Utility,item,64,0,False,0.0,,LOW,
minecraft:brick,Brick,Misc,item,64,0,False,0.0,,LOW,
minecraft:brick_slab,Brick Slab,Misc,item,64,0,False,0.0,,LOW,
minecraft:brick_stairs,Brick Stairs,Misc,item,64,0,False,0.0,,LOW,
minecraft:brick_wall,Brick Wall,Misc,item,64,0,False,0.0,,LOW,
minecraft:bricks,Bricks,Misc,item,64,0,False,0.0,,LOW,
minecraft:brown_banner,Brown Banner,Decorative,item,1,0,False,0.0,,LOW,
minecraft:brown_bed,Brown Bed,Decorative,item,1,0,False,0.0,,LOW,
minecraft:brown_bundle,Brown Bundle,Decorative,item,1,0,False,0.0,,LOW,
minecraft:brown_candle,Brown Candle,Decorative,item,64,0,False,0.0,,LOW,
minecraft:brown_carpet,Brown Carpet,Decorative,item,64,0,False,0.0,,LOW,
minecraft:brown_concrete,Brown Concrete,Decorative,item,64,0,False,0.0,,LOW,
minecraft:brown_concrete_powder,Brown Concrete Powder,Decorative,item,64,0,False,0.0,,LOW,
minecraft:brown_dye,Brown Dye,Decorative,item,64,0,False,0.0,,LOW,
minecraft:brown_egg,Brown Egg,Food,item,16,0,False,0.0,,LOW,
minecraft:brown_glazed_terracotta,Brown Glazed Terracotta,Decorative,item,64,0,False,0.0,,LOW,
minecraft:brown_harness,Brown Harness,Armor,item,1,0,False,0.0,,LOW,
minecraft:brown_mushroom,Brown Mushroom,Nature,item,64,0,False,0.0,,LOW,
minecraft:brown_mushroom_block,Brown Mushroom Block,Nature,item,64,0,False,0.0,,LOW,
minecraft:brown_shulker_box,Brown Shulker Box,Decorative,item,1,0,False,0.0,,EXTREME,
minecraft:brown_stained_glass,Brown Stained Glass,Decorative,item,64,0,False,0.0,,LOW,
minecraft:brown_stained_glass_pane,Brown Stained Glass Pane,Decorative,item,64,0,False,0.0,,LOW,
minecraft:brown_terracotta,Brown Terracotta,Decorative,item,64,0,False,0.0,,LOW,
minecraft:brown_wool,Brown Wool,Decorative,item,64,0,False,0.0,,LOW,
minecraft:brush,Brush,Tools,item,64,0,False,0.0,,LOW,
minecraft:bubble_coral,Bubble Coral,Misc,item,64,0,False,0.0,,LOW,
minecraft:bubble_coral_block,Bubble Coral Block,Misc,item,64,0,False,0.0,,LOW,
minecraft:bubble_coral_fan,Bubble Coral Fan,Misc,item,64,0,False,0.0,,LOW,
minecraft:bucket,Bucket,Tools,item,64,0,False,0.0,,LOW,
minecraft:bucket_of_axolotl,Bucket of Axolotl,Tools,item,64,0,False,0.0,,LOW,
minecraft:bucket_of_cod,Bucket of Cod,Tools,item,64,0,False,0.0,,LOW,
minecraft:bucket_of_pufferfish,Bucket of Pufferfish,Tools,item,64,0,False,0.0,,LOW,
minecraft:bucket_of_salmon,Bucket of Salmon,Tools,item,64,0,False,0.0,,LOW,
minecraft:bucket_of_tadpole,Bucket of Tadpole,Tools,item,64,0,False,0.0,,LOW,
minecraft:bucket_of_tropical_fish,Bucket of Tropical Fish,Tools,item,64,0,False,0.0,,LOW,
minecraft:bundle,Bundle,Decorative,item,1,0,False,0.0,,LOW,
minecraft:buried_treasure_map,Buried Treasure Map,Tools,item,1,0,False,0.0,,HIGH,
minecraft:bush,Bush,Nature,item,64,0,False,0.0,,LOW,
minecraft:cactus,Cactus,Nature,item,64,0,False,0.0,,LOW,
minecraft:cactus_flower,Cactus Flower,Nature,item,64,0,False,0.0,,LOW,
minecraft:cake,Cake,Food,item,1,0,False,0.0,,LOW,
minecraft:calcite,Calcite,Building,item,64,0,False,0.0,,LOW,
minecraft:calibrated_sculk_sensor,Calibrated Sculk Sensor,Nature,item,64,0,False,0.0,,LOW,
minecraft:campfire,Campfire,Redstone/Utility,item,64,0,False,0.0,,LOW,
minecraft:candle,Candle,Decorative,item,64,0,False,0.0,,LOW,
minecraft:carrot,Carrot,Food,item,64,0,False,0.0,,LOW,
minecraft:carrot_on_a_stick,Carrot on a Stick,Food,item,1,0,False,0.0,,LOW,
minecraft:cartography_table,Cartography Table,Redstone/Utility,item,64,0,False,0.0,,LOW,
minecraft:carved_pumpkin,Carved Pumpkin,Misc,item,64,0,False,0.0,,LOW,
minecraft:cauldron,Cauldron,Redstone/Utility,item,64,0,False,0.0,,LOW,
minecraft:chainmail_boots,Chainmail Boots,Armor,item,1,0,False,0.0,,LOW,
minecraft:chainmail_chestplate,Chainmail Chestplate,Armor,item,1,0,False,0.0,,LOW,
minecraft:chainmail_helmet,Chainmail Helmet,Armor,item,1,0,False,0.0,,LOW,
minecraft:chainmail_leggings,Chainmail Leggings,Armor,item,1,0,False,0.0,,LOW,
minecraft:charcoal,Charcoal,Materials,item,64,0,False,0.0,,LOW,
minecraft:cherry_boat,Cherry Boat,Redstone/Utility,item,1,0,False,0.0,,LOW,
minecraft:cherry_boat_with_chest,Cherry Boat with Chest,Redstone/Utility,item,1,0,False,0.0,,LOW,
minecraft:cherry_button,Cherry Button,Redstone/Utility,item,64,0,False,0.0,,LOW,
minecraft:cherry_door,Cherry Door,Redstone/Utility,item,64,0,False,0.0,,LOW,
minecraft:cherry_fence,Cherry Fence,Wood,item,64,0,False,0.0,,LOW,
minecraft:cherry_fence_gate,Cherry Fence Gate,Redstone/Utility,item,64,0,False,0.0,,LOW,
minecraft:cherry_hanging_sign,Cherry Hanging Sign,Redstone/Utility,item,16,0,False,0.0,,LOW,
minecraft:cherry_leaves,Cherry Leaves,Wood,item,64,0,False,0.0,,LOW,
minecraft:cherry_log,Cherry Log,Wood,item,64,0,False,0.0,,LOW,
minecraft:cherry_planks,Cherry Planks,Wood,item,64,0,False,0.0,,LOW,
minecraft:cherry_pressure_plate,Cherry Pressure Plate,Redstone/Utility,item,64,0,False,0.0,,LOW,
minecraft:cherry_sapling,Cherry Sapling,Wood,item,64,0,False,0.0,,LOW,
minecraft:cherry_shelf,Cherry Shelf,Wood,item,64,0,False,0.0,,LOW,
minecraft:cherry_sign,Cherry Sign,Redstone/Utility,item,16,0,False,0.0,,LOW,
minecraft:cherry_slab,Cherry Slab,Wood,item,64,0,False,0.0,,LOW,
minecraft:cherry_stairs,Cherry Stairs,Wood,item,64,0,False,0.0,,LOW,
minecraft:cherry_trapdoor,Cherry Trapdoor,Redstone/Utility,item,64,0,False,0.0,,LOW,
minecraft:cherry_wood,Cherry Wood,Wood,item,64,0,False,0.0,,LOW,
minecraft:chest,Chest,Redstone/Utility,item,64,0,False,0.0,,LOW,
minecraft:chipped_anvil,Chipped Anvil,Redstone/Utility,item,64,0,False,0.0,,LOW,
minecraft:chiseled_bookshelf,Chiseled Bookshelf,Misc,item,64,0,False,0.0,,LOW,
minecraft:chiseled_copper,Chiseled Copper,Misc,item,64,0,False,0.0,,LOW,
minecraft:chiseled_deepslate,Chiseled Deepslate,Building,item,64,0,False,0.0,,LOW,
minecraft:chiseled_nether_bricks,Chiseled Nether Bricks,Building,item,64,0,False,0.0,,MEDIUM,
minecraft:chiseled_polished_blackstone,Chiseled Polished Blackstone,Building,item,64,0,False,0.0,,LOW,
minecraft:chiseled_quartz_block,Chiseled Quartz Block,Materials,item,64,0,False,0.0,,LOW,
minecraft:chiseled_red_sandstone,Chiseled Red Sandstone,Building,item,64,0,False,0.0,,LOW,
minecraft:chiseled_resin_bricks,Chiseled Resin Bricks,Misc,item,64,0,False,0.0,,LOW,
minecraft:chiseled_sandstone,Chiseled Sandstone,Building,item,64,0,False,0.0,,LOW,
minecraft:chiseled_stone_bricks,Chiseled Stone Bricks,Building,item,64,0,False,0.0,,LOW,
minecraft:chiseled_tuff,Chiseled Tuff,Building,item,64,0,False,0.0,,LOW,
minecraft:chiseled_tuff_bricks,Chiseled Tuff Bricks,Building,item,64,0,False,0.0,,LOW,
minecraft:chorus_flower,Chorus Flower,Nature,item,64,0,False,0.0,,LOW,
minecraft:chorus_fruit,Chorus Fruit,Misc,item,64,0,False,0.0,,LOW,
minecraft:clay,Clay,Building,item,64,0,False,0.0,,LOW,
minecraft:clay_ball,Clay Ball,Building,item,64,0,False,0.0,,LOW,
minecraft:clock,Clock,Tools,item,1,0,False,0.0,,LOW,
minecraft:closed_eyeblossom,Closed Eyeblossom,Misc,item,64,0,False,0.0,,LOW,
minecraft:coal,Coal,Materials,item,64,0,False,0.0,,LOW,
minecraft:coal_ore,Coal Ore,Materials,item,64,0,False,0.0,,LOW,
minecraft:coarse_dirt,Coarse Dirt,Building,item,64,0,False,0.0,,LOW,
minecraft:cobbled_deepslate,Cobbled Deepslate,Building,item,64,0,False,0.0,,LOW,
minecraft:cobbled_deepslate_slab,Cobbled Deepslate Slab,Building,item,64,0,False,0.0,,LOW,
minecraft:cobbled_deepslate_stairs,Cobbled Deepslate Stairs,Building,item,64,0,False,0.0,,LOW,
minecraft:cobbled_deepslate_wall,Cobbled Deepslate Wall,Building,item,64,0,False,0.0,,LOW,
minecraft:cobblestone,Cobblestone,Building,item,64,14,False,21.9,,LOW,
minecraft:cobblestone_slab,Cobblestone Slab,Building,item,64,0,False,0.0,,LOW,
minecraft:cobblestone_stairs,Cobblestone Stairs,Building,item,64,0,False,0.0,,LOW,
minecraft:cobblestone_wall,Cobblestone Wall,Building,item,64,0,False,0.0,,LOW,
minecraft:cobweb,Cobweb,Misc,item,64,0,False,0.0,,LOW,
minecraft:cocoa_beans,Cocoa Beans,Misc,item,64,0,False,0.0,,LOW,
minecraft:compass,Compass,Tools,item,1,0,False,0.0,,LOW,
minecraft:composter,Composter,Misc,item,64,0,False,0.0,,LOW,
minecraft:conduit,Conduit,Special,item,64,0,False,0.0,,MEDIUM,
minecraft:cooked_chicken,Cooked Chicken,Food,item,64,0,False,0.0,,LOW,
minecraft:cooked_cod,Cooked Cod,Food,item,64,0,False,0.0,,LOW,
minecraft:cooked_mutton,Cooked Mutton,Food,item,64,0,False,0.0,,LOW,
minecraft:cooked_porkchop,Cooked Porkchop,Food,item,64,0,False,0.0,,LOW,
minecraft:cooked_rabbit,Cooked Rabbit,Food,item,64,0,False,0.0,,LOW,
minecraft:cooked_salmon,Cooked Salmon,Food,item,64,0,False,0.0,,LOW,
minecraft:cookie,Cookie,Food,item,64,0,False,0.0,,LOW,
minecraft:copper_axe,Copper Axe,Weapons,item,1,0,False,0.0,,LOW,
minecraft:copper_bars,Copper Bars,Misc,item,64,0,False,0.0,,LOW,
minecraft:copper_boots,Copper Boots,Armor,item,1,0,False,0.0,,LOW,
minecraft:copper_bulb,Copper Bulb,Misc,item,64,0,False,0.0,,LOW,
minecraft:copper_chain,Copper Chain,Misc,item,64,0,False,0.0,,LOW,
minecraft:copper_chest,Copper Chest,Redstone/Utility,item,64,0,False,0.0,,LOW,
minecraft:copper_chestplate,Copper Chestplate,Armor,item,1,0,False,0.0,,LOW,
minecraft:copper_door,Copper Door,Redstone/Utility,item,64,0,False,0.0,,LOW,
minecraft:copper_golem_statue,Copper Golem Statue,Misc,item,64,0,False,0.0,,LOW,
minecraft:copper_grate,Copper Grate,Misc,item,64,0,False,0.0,,LOW,
minecraft:copper_helmet,Copper Helmet,Armor,item,1,0,False,0.0,,LOW,
minecraft:copper_hoe,Copper Hoe,Tools,item,1,0,False,0.0,,LOW,
minecraft:copper_horse_armor,Copper Horse Armor,Misc,item,64,0,False,0.0,,LOW,
minecraft:copper_ingot,Copper Ingot,Materials,item,64,0,False,0.0,,LOW,
minecraft:copper_lantern,Copper Lantern,Misc,item,64,0,False,0.0,,LOW,
minecraft:copper_leggings,Copper Leggings,Armor,item,1,0,False,0.0,,LOW,
minecraft:copper_nautilus_armor,Copper Nautilus Armor,Misc,item,64,0,False,0.0,,MEDIUM,
minecraft:copper_nugget,Copper Nugget,Misc,item,64,0,False,0.0,,LOW,
minecraft:copper_ore,Copper Ore,Materials,item,64,0,False,0.0,,LOW,
minecraft:copper_pickaxe,Copper Pickaxe,Weapons,item,1,0,False,0.0,,LOW,
minecraft:copper_shovel,Copper Shovel,Tools,item,1,0,False,0.0,,LOW,
minecraft:copper_spear,Copper Spear,Misc,item,64,0,False,0.0,,LOW,
minecraft:copper_sword,Copper Sword,Weapons,item,1,0,False,0.0,,LOW,
minecraft:copper_torch,Copper Torch,Misc,item,64,0,False,0.0,,LOW,
minecraft:copper_trapdoor,Copper Trapdoor,Redstone/Utility,item,64,0,False,0.0,,LOW,
minecraft:cornflower,Cornflower,Nature,item,64,0,False,0.0,,LOW,
minecraft:cracked_deepslate_bricks,Cracked Deepslate Bricks,Building,item,64,0,False,0.0,,LOW,
minecraft:cracked_deepslate_tiles,Cracked Deepslate Tiles,Building,item,64,0,False,0.0,,LOW,
minecraft:cracked_nether_bricks,Cracked Nether Bricks,Building,item,64,0,False,0.0,,MEDIUM,
minecraft:cracked_polished_blackstone_bricks,Cracked Polished Blackstone Bricks,Building,item,64,0,False,0.0,,LOW,
minecraft:cracked_stone_bricks,Cracked Stone Bricks,Building,item,64,0,False,0.0,,LOW,
minecraft:crafter,Crafter,Redstone/Utility,item,64,0,False,0.0,,LOW,
minecraft:crafting_table,Crafting Table,Redstone/Utility,item,64,2,False,3.1,,LOW,
minecraft:creaking_heart,Creaking Heart,Misc,item,64,0,False,0.0,,LOW,
minecraft:creeper_head,Creeper Head,Misc,item,64,0,False,0.0,,LOW,
minecraft:crimson_button,Crimson Button,Redstone/Utility,item,64,0,False,0.0,,MEDIUM,
minecraft:crimson_door,Crimson Door,Redstone/Utility,item,64,0,False,0.0,,MEDIUM,
minecraft:crimson_fence,Crimson Fence,Wood,item,64,0,False,0.0,,MEDIUM,
minecraft:crimson_fence_gate,Crimson Fence Gate,Redstone/Utility,item,64,0,False,0.0,,MEDIUM,
minecraft:crimson_fungus,Crimson Fungus,Nature,item,64,0,False,0.0,,MEDIUM,
minecraft:crimson_hanging_sign,Crimson Hanging Sign,Redstone/Utility,item,16,0,False,0.0,,MEDIUM,
minecraft:crimson_hyphae,Crimson Hyphae,Misc,item,64,0,False,0.0,,MEDIUM,
minecraft:crimson_nylium,Crimson Nylium,Misc,item,64,0,False,0.0,,MEDIUM,
minecraft:crimson_planks,Crimson Planks,Wood,item,64,0,False,0.0,,MEDIUM,
minecraft:crimson_pressure_plate,Crimson Pressure Plate,Redstone/Utility,item,64,0,False,0.0,,MEDIUM,
minecraft:crimson_roots,Crimson Roots,Misc,item,64,0,False,0.0,,MEDIUM,
minecraft:crimson_shelf,Crimson Shelf,Wood,item,64,0,False,0.0,,MEDIUM,
minecraft:crimson_sign,Crimson Sign,Redstone/Utility,item,16,0,False,0.0,,MEDIUM,
minecraft:crimson_slab,Crimson Slab,Wood,item,64,0,False,0.0,,MEDIUM,
minecraft:crimson_stairs,Crimson Stairs,Wood,item,64,0,False,0.0,,MEDIUM,
minecraft:crimson_stem,Crimson Stem,Misc,item,64,0,False,0.0,,MEDIUM,
minecraft:crimson_trapdoor,Crimson Trapdoor,Redstone/Utility,item,64,0,False,0.0,,MEDIUM,
minecraft:crossbow,Crossbow,Weapons,item,1,0,False,0.0,,LOW,
minecraft:crying_obsidian,Crying Obsidian,Misc,item,64,0,False,0.0,,LOW,
minecraft:cut_copper,Cut Copper,Misc,item,64,0,False,0.0,,LOW,
minecraft:cut_copper_slab,Cut Copper Slab,Misc,item,64,0,False,0.0,,LOW,
minecraft:cut_copper_stairs,Cut Copper Stairs,Misc,item,64,0,False,0.0,,LOW,
minecraft:cut_red_sandstone,Cut Red Sandstone,Building,item,64,0,False,0.0,,LOW,
minecraft:cut_red_sandstone_slab,Cut Red Sandstone Slab,Building,item,64,0,False,0.0,,LOW,
minecraft:cut_sandstone,Cut Sandstone,Building,item,64,0,False,0.0,,LOW,
minecraft:cut_sandstone_slab,Cut Sandstone Slab,Building,item,64,0,False,0.0,,LOW,
minecraft:cyan_banner,Cyan Banner,Decorative,item,1,0,False,0.0,,LOW,
minecraft:cyan_bed,Cyan Bed,Decorative,item,1,0,False,0.0,,LOW,
minecraft:cyan_bundle,Cyan Bundle,Decorative,item,1,0,False,0.0,,LOW,
minecraft:cyan_candle,Cyan Candle,Decorative,item,64,0,False,0.0,,LOW,
minecraft:cyan_carpet,Cyan Carpet,Decorative,item,64,0,False,0.0,,LOW,
minecraft:cyan_concrete,Cyan Concrete,Decorative,item,64,0,False,0.0,,LOW,
minecraft:cyan_concrete_powder,Cyan Concrete Powder,Decorative,item,64,0,False,0.0,,LOW,
minecraft:cyan_dye,Cyan Dye,Decorative,item,64,0,False,0.0,,LOW,
minecraft:cyan_glazed_terracotta,Cyan Glazed Terracotta,Decorative,item,64,0,False,0.0,,LOW,
minecraft:cyan_harness,Cyan Harness,Armor,item,1,0,False,0.0,,LOW,
minecraft:cyan_shulker_box,Cyan Shulker Box,Decorative,item,1,0,False,0.0,,EXTREME,
minecraft:cyan_stained_glass,Cyan Stained Glass,Decorative,item,64,0,False,0.0,,LOW,
minecraft:cyan_stained_glass_pane,Cyan Stained Glass Pane,Decorative,item,64,0,False,0.0,,LOW,
minecraft:cyan_terracotta,Cyan Terracotta,Decorative,item,64,0,False,0.0,,LOW,
minecraft:cyan_wool,Cyan Wool,Decorative,item,64,0,False,0.0,,LOW,
minecraft:damaged_anvil,Damaged Anvil,Redstone/Utility,item,64,0,False,0.0,,LOW,
minecraft:dandelion,Dandelion,Misc,item,64,0,False,0.0,,LOW,
minecraft:dark_oak_boat,Dark Oak Boat,Redstone/Utility,item,1,0,False,0.0,,LOW,
minecraft:dark_oak_boat_with_chest,Dark Oak Boat with Chest,Redstone/Utility,item,1,0,False,0.0,,LOW,
minecraft:dark_oak_button,Dark Oak Button,Redstone/Utility,item,64,0,False,0.0,,LOW,
minecraft:dark_oak_door,Dark Oak Door,Redstone/Utility,item,64,0,False,0.0,,LOW,
minecraft:dark_oak_fence,Dark Oak Fence,Wood,item,64,0,False,0.0,,LOW,
minecraft:dark_oak_fence_gate,Dark Oak Fence Gate,Redstone/Utility,item,64,0,False,0.0,,LOW,
minecraft:dark_oak_hanging_sign,Dark Oak Hanging Sign,Redstone/Utility,item,16,0,False,0.0,,LOW,
minecraft:dark_oak_leaves,Dark Oak Leaves,Wood,item,64,0,False,0.0,,LOW,
minecraft:dark_oak_log,Dark Oak Log,Wood,item,64,0,False,0.0,,LOW,
minecraft:dark_oak_planks,Dark Oak Planks,Wood,item,64,0,False,0.0,,LOW,
minecraft:dark_oak_pressure_plate,Dark Oak Pressure Plate,Redstone/Utility,item,64,0,False,0.0,,LOW,
minecraft:dark_oak_sapling,Dark Oak Sapling,Wood,item,64,0,False,0.0,,LOW,
minecraft:dark_oak_shelf,Dark Oak Shelf,Wood,item,64,0,False,0.0,,LOW,
minecraft:dark_oak_sign,Dark Oak Sign,Redstone/Utility,item,16,0,False,0.0,,LOW,
minecraft:dark_oak_slab,Dark Oak Slab,Wood,item,64,0,False,0.0,,LOW,
minecraft:dark_oak_stairs,Dark Oak Stairs,Wood,item,64,0,False,0.0,,LOW,
minecraft:dark_oak_trapdoor,Dark Oak Trapdoor,Redstone/Utility,item,64,0,False,0.0,,LOW,
minecraft:dark_oak_wood,Dark Oak Wood,Wood,item,64,0,False,0.0,,LOW,
minecraft:dark_prismarine,Dark Prismarine,Building,item,64,0,False,0.0,,MEDIUM,
minecraft:dark_prismarine_slab,Dark Prismarine Slab,Building,item,64,0,False,0.0,,MEDIUM,
minecraft:dark_prismarine_stairs,Dark Prismarine Stairs,Building,item,64,0,False,0.0,,MEDIUM,
minecraft:daylight_detector,Daylight Detector,Redstone/Utility,item,64,0,False,0.0,,LOW,
minecraft:dead_brain_coral,Dead Brain Coral,Misc,item,64,0,False,0.0,,LOW,
minecraft:dead_brain_coral_block,Dead Brain Coral Block,Misc,item,64,0,False,0.0,,LOW,
minecraft:dead_brain_coral_fan,Dead Brain Coral Fan,Misc,item,64,0,False,0.0,,LOW,
minecraft:dead_bubble_coral,Dead Bubble Coral,Misc,item,64,0,False,0.0,,LOW,
minecraft:dead_bubble_coral_block,Dead Bubble Coral Block,Misc,item,64,0,False,0.0,,LOW,
minecraft:dead_bubble_coral_fan,Dead Bubble Coral Fan,Misc,item,64,0,False,0.0,,LOW,
minecraft:dead_bush,Dead Bush,Nature,item,64,0,False,0.0,,LOW,
minecraft:dead_fire_coral,Dead Fire Coral,Misc,item,64,0,False,0.0,,LOW,
minecraft:dead_fire_coral_block,Dead Fire Coral Block,Misc,item,64,0,False,0.0,,LOW,
minecraft:dead_fire_coral_fan,Dead Fire Coral Fan,Misc,item,64,0,False,0.0,,LOW,
minecraft:dead_horn_coral,Dead Horn Coral,Misc,item,64,0,False,0.0,,LOW,
minecraft:dead_horn_coral_block,Dead Horn Coral Block,Misc,item,64,0,False,0.0,,LOW,
minecraft:dead_horn_coral_fan,Dead Horn Coral Fan,Misc,item,64,0,False,0.0,,LOW,
minecraft:dead_tube_coral,Dead Tube Coral,Misc,item,64,0,False,0.0,,LOW,
minecraft:dead_tube_coral_block,Dead Tube Coral Block,Misc,item,64,0,False,0.0,,LOW,
minecraft:dead_tube_coral_fan,Dead Tube Coral Fan,Misc,item,64,0,False,0.0,,LOW,
minecraft:deepslate,Deepslate,Building,item,64,0,False,0.0,,LOW,
minecraft:deepslate_brick_slab,Deepslate Brick Slab,Building,item,64,0,False,0.0,,LOW,
minecraft:deepslate_brick_stairs,Deepslate Brick Stairs,Building,item,64,0,False,0.0,,LOW,
minecraft:deepslate_brick_wall,Deepslate Brick Wall,Building,item,64,0,False,0.0,,LOW,
minecraft:deepslate_bricks,Deepslate Bricks,Building,item,64,0,False,0.0,,LOW,
minecraft:deepslate_coal_ore,Deepslate Coal Ore,Materials,item,64,0,False,0.0,,LOW,
minecraft:deepslate_copper_ore,Deepslate Copper Ore,Materials,item,64,0,False,0.0,,LOW,
minecraft:deepslate_diamond_ore,Deepslate Diamond Ore,Materials,item,64,0,False,0.0,,LOW,
minecraft:deepslate_emerald_ore,Deepslate Emerald Ore,Materials,item,64,0,False,0.0,,LOW,
minecraft:deepslate_gold_ore,Deepslate Gold Ore,Materials,item,64,0,False,0.0,,LOW,
minecraft:deepslate_iron_ore,Deepslate Iron Ore,Materials,item,64,0,False,0.0,,LOW,
minecraft:deepslate_lapis_lazuli_ore,Deepslate Lapis Lazuli Ore,Materials,item,64,0,False,0.0,,LOW,
minecraft:deepslate_redstone_ore,Deepslate Redstone Ore,Redstone/Utility,item,64,0,False,0.0,,LOW,
minecraft:deepslate_tile_slab,Deepslate Tile Slab,Building,item,64,0,False,0.0,,LOW,
minecraft:deepslate_tile_stairs,Deepslate Tile Stairs,Building,item,64,0,False,0.0,,LOW,
minecraft:deepslate_tile_wall,Deepslate Tile Wall,Building,item,64,0,False,0.0,,LOW,
minecraft:deepslate_tiles,Deepslate Tiles,Building,item,64,0,False,0.0,,LOW,
minecraft:desert_village_map,Desert Village Map,Tools,item,1,0,False,0.0,,LOW,
minecraft:detector_rail,Detector Rail,Redstone/Utility,item,64,0,False,0.0,,LOW,
minecraft:diamond,Diamond,Materials,item,64,0,False,0.0,,LOW,
minecraft:diamond_axe,Diamond Axe,Weapons,item,1,0,False,0.0,,LOW,
minecraft:diamond_boots,Diamond Boots,Armor,item,1,0,False,0.0,,LOW,
minecraft:diamond_chestplate,Diamond Chestplate,Armor,item,1,0,False,0.0,,LOW,
minecraft:diamond_helmet,Diamond Helmet,Armor,item,1,0,False,0.0,,LOW,
minecraft:diamond_hoe,Diamond Hoe,Tools,item,1,0,False,0.0,,LOW,
minecraft:diamond_horse_armor,Diamond Horse Armor,Materials,item,64,0,False,0.0,,LOW,
minecraft:diamond_leggings,Diamond Leggings,Armor,item,1,0,False,0.0,,LOW,
minecraft:diamond_nautilus_armor,Diamond Nautilus Armor,Materials,item,64,0,False,0.0,,MEDIUM,
minecraft:diamond_ore,Diamond Ore,Materials,item,64,0,False,0.0,,LOW,
minecraft:diamond_pickaxe,Diamond Pickaxe,Weapons,item,1,0,False,0.0,,LOW,
minecraft:diamond_shovel,Diamond Shovel,Tools,item,1,0,False,0.0,,LOW,
minecraft:diamond_spear,Diamond Spear,Materials,item,64,0,False,0.0,,LOW,
minecraft:diamond_sword,Diamond Sword,Weapons,item,1,0,False,0.0,,LOW,
minecraft:diorite,Diorite,Building,item,64,0,False,0.0,,LOW,
minecraft:diorite_slab,Diorite Slab,Building,item,64,0,False,0.0,,LOW,
minecraft:diorite_stairs,Diorite Stairs,Building,item,64,0,False,0.0,,LOW,
minecraft:diorite_wall,Diorite Wall,Building,item,64,0,False,0.0,,LOW,
minecraft:dirt,Dirt,Building,item,64,3,False,4.7,,LOW,
minecraft:dirt_path,Dirt Path[BE],Building,item,64,0,False,0.0,,LOW,
minecraft:disc_fragment,Disc Fragment,Music,item,64,0,False,0.0,,LOW,
minecraft:dispenser,Dispenser,Redstone/Utility,item,64,0,False,0.0,,LOW,
minecraft:dragon_egg,Dragon Egg,Food,item,16,0,False,0.0,,EXTREME,
minecraft:dragon_head,Dragon Head,Special,item,64,0,False,0.0,,LOW,
minecraft:dragons_breath,Dragon's Breath,Special,item,64,0,False,0.0,,LOW,
minecraft:dried_ghast,Dried Ghast,Misc,item,64,0,False,0.0,,HIGH,
minecraft:dried_kelp,Dried Kelp,Nature,item,64,0,False,0.0,,LOW,
minecraft:dried_kelp_block,Dried Kelp Block,Nature,item,64,0,False,0.0,,LOW,
minecraft:dripstone_block,Dripstone Block,Building,item,64,0,False,0.0,,LOW,
minecraft:dropper,Dropper,Redstone/Utility,item,64,0,False,0.0,,LOW,
minecraft:echo_shard,Echo Shard,Materials,item,64,0,False,0.0,,HIGH,
minecraft:egg,Egg,Food,item,16,0,False,0.0,,LOW,
minecraft:elytra,Elytra,Armor,item,1,0,False,0.0,,EXTREME,
minecraft:emerald,Emerald,Materials,item,64,0,False,0.0,,LOW,
minecraft:emerald_ore,Emerald Ore,Materials,item,64,0,False,0.0,,LOW,
minecraft:empty_map,Empty Map,Tools,item,1,0,False,0.0,,LOW,
minecraft:enchanted_golden_apple,Enchanted Golden Apple,Enchanting,item,64,0,False,0.0,,EXTREME,
minecraft:enchanting_table,Enchanting Table,Enchanting,item,64,0,False,0.0,,LOW,
minecraft:end_crystal,End Crystal,Materials,item,64,0,False,0.0,,HIGH,
minecraft:end_rod,End Rod,Misc,item,64,0,False,0.0,,HIGH,
minecraft:end_stone,End Stone,Building,item,64,0,False,0.0,,HIGH,
minecraft:end_stone_brick_slab,End Stone Brick Slab,Building,item,64,0,False,0.0,,HIGH,
minecraft:end_stone_brick_stairs,End Stone Brick Stairs,Building,item,64,0,False,0.0,,HIGH,
minecraft:end_stone_brick_wall,End Stone Brick Wall,Building,item,64,0,False,0.0,,HIGH,
minecraft:end_stone_bricks,End Stone Bricks,Building,item,64,0,False,0.0,,HIGH,
minecraft:ender_chest,Ender Chest,Redstone/Utility,item,64,0,False,0.0,,HIGH,
minecraft:ender_pearl,Ender Pearl,Misc,item,16,0,False,0.0,,HIGH,
minecraft:exposed_chiseled_copper,Exposed Chiseled Copper,Misc,item,64,0,False,0.0,,LOW,
minecraft:exposed_copper,Exposed Copper,Misc,item,64,0,False,0.0,,LOW,
minecraft:exposed_copper_bars,Exposed Copper Bars,Misc,item,64,0,False,0.0,,LOW,
minecraft:exposed_copper_bulb,Exposed Copper Bulb,Misc,item,64,0,False,0.0,,LOW,
minecraft:exposed_copper_chain,Exposed Copper Chain,Misc,item,64,0,False,0.0,,LOW,
minecraft:exposed_copper_chest,Exposed Copper Chest,Redstone/Utility,item,64,0,False,0.0,,LOW,
minecraft:exposed_copper_door,Exposed Copper Door,Redstone/Utility,item,64,0,False,0.0,,LOW,
minecraft:exposed_copper_golem_statue,Exposed Copper Golem Statue,Misc,item,64,0,False,0.0,,LOW,
minecraft:exposed_copper_grate,Exposed Copper Grate,Misc,item,64,0,False,0.0,,LOW,
minecraft:exposed_copper_lantern,Exposed Copper Lantern,Misc,item,64,0,False,0.0,,LOW,
minecraft:exposed_copper_trapdoor,Exposed Copper Trapdoor,Redstone/Utility,item,64,0,False,0.0,,LOW,
minecraft:exposed_cut_copper,Exposed Cut Copper,Misc,item,64,0,False,0.0,,LOW,
minecraft:exposed_cut_copper_slab,Exposed Cut Copper Slab,Misc,item,64,0,False,0.0,,LOW,
minecraft:exposed_cut_copper_stairs,Exposed Cut Copper Stairs,Misc,item,64,0,False,0.0,,LOW,
minecraft:exposed_lightning_rod,Exposed Lightning Rod,Misc,item,64,0,False,0.0,,LOW,
minecraft:eye_of_ender,Eye of Ender,Misc,item,64,0,False,0.0,,HIGH,
minecraft:feather,Feather,Misc,item,64,0,False,0.0,,LOW,
minecraft:fermented_spider_eye,Fermented Spider Eye,Misc,item,64,0,False,0.0,,LOW,
minecraft:fern,Fern,Nature,item,64,0,False,0.0,,LOW,
minecraft:fire_charge,Fire Charge,Misc,item,64,0,False,0.0,,LOW,
minecraft:fire_coral,Fire Coral,Misc,item,64,0,False,0.0,,LOW,
minecraft:fire_coral_block,Fire Coral Block,Misc,item,64,0,False,0.0,,LOW,
minecraft:fire_coral_fan,Fire Coral Fan,Misc,item,64,0,False,0.0,,LOW,
minecraft:firefly_bush,Firefly Bush,Nature,item,64,0,False,0.0,,LOW,
minecraft:firework_rocket,Firework Rocket,Misc,item,64,0,False,0.0,,LOW,
minecraft:firework_rocket_black,Firework Rocket Black,Misc,item,64,0,False,0.0,,LOW,
minecraft:firework_rocket_blue,Firework Rocket Blue,Misc,item,64,0,False,0.0,,LOW,
minecraft:firework_rocket_brown,Firework Rocket Brown,Misc,item,64,0,False,0.0,,LOW,
minecraft:firework_rocket_cyan,Firework Rocket Cyan,Misc,item,64,0,False,0.0,,LOW,
minecraft:firework_rocket_gray,Firework Rocket Gray,Misc,item,64,0,False,0.0,,LOW,
minecraft:firework_rocket_green,Firework Rocket Green,Misc,item,64,0,False,0.0,,LOW,
minecraft:firework_rocket_light_blue,Firework Rocket Light Blue,Misc,item,64,0,False,0.0,,LOW,
minecraft:firework_rocket_light_gray,Firework Rocket Light Gray,Misc,item,64,0,False,0.0,,LOW,
minecraft:firework_rocket_lime,Firework Rocket Lime,Misc,item,64,0,False,0.0,,LOW,
minecraft:firework_rocket_magenta,Firework Rocket Magenta,Misc,item,64,0,False,0.0,,LOW,
minecraft:firework_rocket_orange,Firework Rocket Orange,Misc,item,64,0,False,0.0,,LOW,
minecraft:firework_rocket_pink,Firework Rocket Pink,Misc,item,64,0,False,0.0,,LOW,
minecraft:firework_rocket_purple,Firework Rocket Purple,Misc,item,64,0,False,0.0,,LOW,
minecraft:firework_rocket_red,Firework Rocket Red,Misc,item,64,0,False,0.0,,LOW,
minecraft:firework_rocket_white,Firework Rocket White,Misc,item,64,0,False,0.0,,LOW,
minecraft:firework_rocket_yellow,Firework Rocket Yellow,Misc,item,64,0,False,0.0,,LOW,
minecraft:firework_star_black,Firework Star Black,Misc,item,64,0,False,0.0,,LOW,
minecraft:firework_star_blue,Firework Star Blue,Misc,item,64,0,False,0.0,,LOW,
minecraft:firework_star_brown,Firework Star Brown,Misc,item,64,0,False,0.0,,LOW,
minecraft:firework_star_cyan,Firework Star Cyan,Misc,item,64,0,False,0.0,,LOW,
minecraft:firework_star_gray,Firework Star Gray,Misc,item,64,0,False,0.0,,LOW,
minecraft:firework_star_green,Firework Star Green,Misc,item,64,0,False,0.0,,LOW,
minecraft:firework_star_light_blue,Firework Star Light Blue,Misc,item,64,0,False,0.0,,LOW,
minecraft:firework_star_light_gray,Firework Star Light Gray,Misc,item,64,0,False,0.0,,LOW,
minecraft:firework_star_lime,Firework Star Lime,Misc,item,64,0,False,0.0,,LOW,
minecraft:firework_star_magenta,Firework Star Magenta,Misc,item,64,0,False,0.0,,LOW,
minecraft:firework_star_orange,Firework Star Orange,Misc,item,64,0,False,0.0,,LOW,
minecraft:firework_star_pink,Firework Star Pink,Misc,item,64,0,False,0.0,,LOW,
minecraft:firework_star_purple,Firework Star Purple,Misc,item,64,0,False,0.0,,LOW,
minecraft:firework_star_red,Firework Star Red,Misc,item,64,0,False,0.0,,LOW,
minecraft:firework_star_white,Firework Star White,Misc,item,64,0,False,0.0,,LOW,
minecraft:firework_star_yellow,Firework Star Yellow,Misc,item,64,0,False,0.0,,LOW,
minecraft:fishing_rod,Fishing Rod,Tools,item,1,0,False,0.0,,LOW,
minecraft:fletching_table,Fletching Table,Redstone/Utility,item,64,0,False,0.0,,LOW,
minecraft:flint,Flint,Misc,item,64,0,False,0.0,,LOW,
minecraft:flint_and_steel,Flint and Steel,Tools,item,1,0,False,0.0,,LOW,
minecraft:flower_pot,Flower Pot,Nature,item,64,0,False,0.0,,LOW,
minecraft:flowering_azalea,Flowering Azalea,Nature,item,64,0,False,0.0,,LOW,
minecraft:flowering_azalea_leaves,Flowering Azalea Leaves,Nature,item,64,0,False,0.0,,LOW,
minecraft:furnace,Furnace,Redstone/Utility,item,64,0,False,0.0,,LOW,
minecraft:ghast_tear,Ghast Tear,Misc,item,64,0,False,0.0,,HIGH,
minecraft:gilded_blackstone,Gilded Blackstone,Building,item,64,0,False,0.0,,LOW,
minecraft:glass,Glass,Decorative,item,64,0,False,0.0,,LOW,
minecraft:glass_bottle,Glass Bottle,Decorative,item,64,0,False,0.0,,LOW,
minecraft:glass_pane,Glass Pane,Decorative,item,64,0,False,0.0,,LOW,
minecraft:glistering_melon_slice,Glistering Melon Slice,Food,item,64,0,False,0.0,,LOW,
minecraft:glow_berries,Glow Berries,Misc,item,64,0,False,0.0,,LOW,
minecraft:glow_ink_sac,Glow Ink Sac,Misc,item,64,0,False,0.0,,LOW,
minecraft:glow_item_frame,Glow Item Frame,Misc,item,64,0,False,0.0,,LOW,
minecraft:glow_lichen,Glow Lichen,Misc,item,64,0,False,0.0,,LOW,
minecraft:glowstone,Glowstone,Building,item,64,0,False,0.0,,LOW,
minecraft:glowstone_dust,Glowstone Dust,Building,item,64,0,False,0.0,,LOW,
minecraft:goat_horn_admire,Goat Horn (Admire),Misc,item,64,0,False,0.0,,LOW,
minecraft:goat_horn_call,Goat Horn (Call),Misc,item,64,0,False,0.0,,LOW,
minecraft:goat_horn_dream,Goat Horn (Dream),Misc,item,64,0,False,0.0,,LOW,
minecraft:goat_horn_feel,Goat Horn (Feel),Misc,item,64,0,False,0.0,,LOW,
minecraft:goat_horn_ponder,Goat Horn (Ponder),Misc,item,64,0,False,0.0,,LOW,
minecraft:goat_horn_seek,Goat Horn (Seek),Misc,item,64,0,False,0.0,,LOW,
minecraft:goat_horn_sing,Goat Horn (Sing),Misc,item,64,0,False,0.0,,LOW,
minecraft:goat_horn_yearn,Goat Horn (Yearn),Misc,item,64,0,False,0.0,,LOW,
minecraft:gold_ingot,Gold Ingot,Materials,item,64,0,False,0.0,,LOW,
minecraft:gold_nautilus_armor,Gold Nautilus Armor,Misc,item,64,0,False,0.0,,MEDIUM,
minecraft:gold_nugget,Gold Nugget,Misc,item,64,0,False,0.0,,LOW,
minecraft:gold_ore,Gold Ore,Materials,item,64,0,False,0.0,,LOW,
minecraft:golden_apple,Golden Apple,Food,item,64,0,False,0.0,,LOW,
minecraft:golden_axe,Golden Axe,Weapons,item,1,0,False,0.0,,LOW,
minecraft:golden_boots,Golden Boots,Armor,item,1,0,False,0.0,,LOW,
minecraft:golden_carrot,Golden Carrot,Food,item,64,0,False,0.0,,LOW,
minecraft:golden_chestplate,Golden Chestplate,Armor,item,1,0,False,0.0,,LOW,
minecraft:golden_helmet,Golden Helmet,Armor,item,1,0,False,0.0,,LOW,
minecraft:golden_hoe,Golden Hoe,Tools,item,1,1,True,100.0,,LOW,
minecraft:golden_horse_armor,Golden Horse Armor,Misc,item,64,0,False,0.0,,LOW,
minecraft:golden_leggings,Golden Leggings,Armor,item,1,0,False,0.0,,LOW,
minecraft:golden_pickaxe,Golden Pickaxe,Weapons,item,1,0,False,0.0,,LOW,
minecraft:golden_shovel,Golden Shovel,Tools,item,1,0,False,0.0,,LOW,
minecraft:golden_spear,Golden Spear,Misc,item,64,0,False,0.0,,LOW,
minecraft:golden_sword,Golden Sword,Weapons,item,1,0,False,0.0,,LOW,
minecraft:granite,Granite,Building,item,64,0,False,0.0,,LOW,
minecraft:granite_slab,Granite Slab,Building,item,64,0,False,0.0,,LOW,
minecraft:granite_stairs,Granite Stairs,Building,item,64,0,False,0.0,,LOW,
minecraft:granite_wall,Granite Wall,Building,item,64,0,False,0.0,,LOW,
minecraft:grass_block,Grass Block,Nature,item,64,0,False,0.0,,LOW,
minecraft:gravel,Gravel,Building,item,64,0,False,0.0,,LOW,
minecraft:gray_banner,Gray Banner,Decorative,item,1,0,False,0.0,,LOW,
minecraft:gray_bed,Gray Bed,Decorative,item,1,0,False,0.0,,LOW,
minecraft:gray_bundle,Gray Bundle,Decorative,item,1,0,False,0.0,,LOW,
minecraft:gray_candle,Gray Candle,Decorative,item,64,0,False,0.0,,LOW,
minecraft:gray_carpet,Gray Carpet,Decorative,item,64,0,False,0.0,,LOW,
minecraft:gray_concrete,Gray Concrete,Decorative,item,64,0,False,0.0,,LOW,
minecraft:gray_concrete_powder,Gray Concrete Powder,Decorative,item,64,0,False,0.0,,LOW,
minecraft:gray_dye,Gray Dye,Decorative,item,64,0,False,0.0,,LOW,
minecraft:gray_glazed_terracotta,Gray Glazed Terracotta,Decorative,item,64,0,False,0.0,,LOW,
minecraft:gray_harness,Gray Harness,Armor,item,1,0,False,0.0,,LOW,
minecraft:gray_shulker_box,Gray Shulker Box,Decorative,item,1,0,False,0.0,,EXTREME,
minecraft:gray_stained_glass,Gray Stained Glass,Decorative,item,64,0,False,0.0,,LOW,
minecraft:gray_stained_glass_pane,Gray Stained Glass Pane,Decorative,item,64,0,False,0.0,,LOW,
minecraft:gray_terracotta,Gray Terracotta,Decorative,item,64,0,False,0.0,,LOW,
minecraft:gray_wool,Gray Wool,Decorative,item,64,0,False,0.0,,LOW,
minecraft:green_banner,Green Banner,Decorative,item,1,0,False,0.0,,LOW,
minecraft:green_bed,Green Bed,Decorative,item,1,0,False,0.0,,LOW,
minecraft:green_bundle,Green Bundle,Decorative,item,1,0,False,0.0,,LOW,
minecraft:green_candle,Green Candle,Decorative,item,64,0,False,0.0,,LOW,
minecraft:green_carpet,Green Carpet,Decorative,item,64,0,False,0.0,,LOW,
minecraft:green_concrete,Green Concrete,Decorative,item,64,0,False,0.0,,LOW,
minecraft:green_concrete_powder,Green Concrete Powder,Decorative,item,64,0,False,0.0,,LOW,
minecraft:green_dye,Green Dye,Decorative,item,64,0,False,0.0,,LOW,
minecraft:green_glazed_terracotta,Green Glazed Terracotta,Decorative,item,64,0,False,0.0,,LOW,
minecraft:green_harness,Green Harness,Armor,item,1,0,False,0.0,,LOW,
minecraft:green_shulker_box,Green Shulker Box,Decorative,item,1,0,False,0.0,,EXTREME,
minecraft:green_stained_glass,Green Stained Glass,Decorative,item,64,0,False,0.0,,LOW,
minecraft:green_stained_glass_pane,Green Stained Glass Pane,Decorative,item,64,0,False,0.0,,LOW,
minecraft:green_terracotta,Green Terracotta,Decorative,item,64,0,False,0.0,,LOW,
minecraft:green_wool,Green Wool,Decorative,item,64,0,False,0.0,,LOW,
minecraft:grindstone,Grindstone,Redstone/Utility,item,64,0,False,0.0,,LOW,
minecraft:gunpowder,Gunpowder,Misc,item,64,0,False,0.0,,LOW,
minecraft:hanging_roots,Hanging Roots,Misc,item,64,0,False,0.0,,LOW,
minecraft:hay_bale,Hay Bale,Misc,item,64,0,False,0.0,,LOW,
minecraft:heart_of_the_sea,Heart of the Sea,Special,item,64,0,False,0.0,,HIGH,
minecraft:heavy_core,Heavy Core,Materials,item,64,0,False,0.0,,HIGH,
minecraft:heavy_weighted_pressure_plate,Heavy Weighted Pressure Plate,Redstone/Utility,item,64,0,False,0.0,,LOW,
minecraft:honey_block,Honey Block,Food,item,64,0,False,0.0,,LOW,
minecraft:honey_bottle,Honey Bottle,Food,item,1,0,False,0.0,,LOW,
minecraft:honeycomb,Honeycomb,Food,item,64,0,False,0.0,,LOW,
minecraft:honeycomb_block,Honeycomb Block,Food,item,64,0,False,0.0,,LOW,
minecraft:hopper,Hopper,Redstone/Utility,item,64,0,False,0.0,,LOW,
minecraft:horn_coral,Horn Coral,Misc,item,64,0,False,0.0,,LOW,
minecraft:horn_coral_block,Horn Coral Block,Misc,item,64,0,False,0.0,,LOW,
minecraft:horn_coral_fan,Horn Coral Fan,Misc,item,64,0,False,0.0,,LOW,
minecraft:ice,Ice,Misc,item,64,0,False,0.0,,LOW,
minecraft:ink_sac,Ink Sac,Misc,item,64,0,False,0.0,,LOW,
minecraft:iron_axe,Iron Axe,Weapons,item,1,0,False,0.0,,LOW,
minecraft:iron_bars,Iron Bars,Misc,item,64,0,False,0.0,,LOW,
minecraft:iron_boots,Iron Boots,Armor,item,1,0,False,0.0,,LOW,
minecraft:iron_chain,Iron Chain,Misc,item,64,0,False,0.0,,LOW,
minecraft:iron_chestplate,Iron Chestplate,Armor,item,1,0,False,0.0,,LOW,
minecraft:iron_door,Iron Door,Redstone/Utility,item,64,0,False,0.0,,LOW,
minecraft:iron_helmet,Iron Helmet,Armor,item,1,0,False,0.0,,LOW,
minecraft:iron_hoe,Iron Hoe,Tools,item,1,0,False,0.0,,LOW,
minecraft:iron_horse_armor,Iron Horse Armor,Misc,item,64,0,False,0.0,,LOW,
minecraft:iron_ingot,Iron Ingot,Materials,item,64,0,False,0.0,,LOW,
minecraft:iron_leggings,Iron Leggings,Armor,item,1,0,False,0.0,,LOW,
minecraft:iron_nautilus_armor,Iron Nautilus Armor,Misc,item,64,0,False,0.0,,MEDIUM,
minecraft:iron_nugget,Iron Nugget,Misc,item,64,0,False,0.0,,LOW,
minecraft:iron_ore,Iron Ore,Materials,item,64,0,False,0.0,,LOW,
minecraft:iron_pickaxe,Iron Pickaxe,Weapons,item,1,0,False,0.0,,LOW,
minecraft:iron_shovel,Iron Shovel,Tools,item,1,0,False,0.0,,LOW,
minecraft:iron_spear,Iron Spear,Misc,item,64,0,False,0.0,,LOW,
minecraft:iron_sword,Iron Sword,Weapons,item,1,0,False,0.0,,LOW,
minecraft:iron_trapdoor,Iron Trapdoor,Redstone/Utility,item,64,0,False,0.0,,LOW,
minecraft:item_frame,Item Frame,Misc,item,64,0,False,0.0,,LOW,
minecraft:jack_olantern,Jack o'Lantern,Misc,item,64,0,False,0.0,,LOW,
minecraft:jukebox,Jukebox,Misc,item,64,0,False,0.0,,LOW,
minecraft:jungle_boat,Jungle Boat,Redstone/Utility,item,1,0,False,0.0,,LOW,
minecraft:jungle_boat_with_chest,Jungle Boat with Chest,Redstone/Utility,item,1,0,False,0.0,,LOW,
minecraft:jungle_button,Jungle Button,Redstone/Utility,item,64,0,False,0.0,,LOW,
minecraft:jungle_door,Jungle Door,Redstone/Utility,item,64,0,False,0.0,,LOW,
minecraft:jungle_explorer_map,Jungle Explorer Map,Tools,item,1,0,False,0.0,,LOW,
minecraft:jungle_fence,Jungle Fence,Wood,item,64,0,False,0.0,,LOW,
minecraft:jungle_fence_gate,Jungle Fence Gate,Redstone/Utility,item,64,0,False,0.0,,LOW,
minecraft:jungle_hanging_sign,Jungle Hanging Sign,Redstone/Utility,item,16,0,False,0.0,,LOW,
minecraft:jungle_leaves,Jungle Leaves,Wood,item,64,0,False,0.0,,LOW,
minecraft:jungle_log,Jungle Log,Wood,item,64,0,False,0.0,,LOW,
minecraft:jungle_planks,Jungle Planks,Wood,item,64,0,False,0.0,,LOW,
minecraft:jungle_pressure_plate,Jungle Pressure Plate,Redstone/Utility,item,64,0,False,0.0,,LOW,
minecraft:jungle_sapling,Jungle Sapling,Wood,item,64,0,False,0.0,,LOW,
minecraft:jungle_shelf,Jungle Shelf,Wood,item,64,0,False,0.0,,LOW,
minecraft:jungle_sign,Jungle Sign,Redstone/Utility,item,16,0,False,0.0,,LOW,
minecraft:jungle_slab,Jungle Slab,Wood,item,64,0,False,0.0,,LOW,
minecraft:jungle_stairs,Jungle Stairs,Wood,item,64,0,False,0.0,,LOW,
minecraft:jungle_trapdoor,Jungle Trapdoor,Redstone/Utility,item,64,0,False,0.0,,LOW,
minecraft:jungle_wood,Jungle Wood,Wood,item,64,0,False,0.0,,LOW,
minecraft:kelp,Kelp,Nature,item,64,0,False,0.0,,LOW,
minecraft:ladder,Ladder,Misc,item,64,0,False,0.0,,LOW,
minecraft:lantern,Lantern,Misc,item,64,0,False,0.0,,LOW,
minecraft:lapis_lazuli,Lapis Lazuli,Materials,item,64,0,False,0.0,,LOW,
minecraft:lapis_lazuli_ore,Lapis Lazuli Ore,Materials,item,64,0,False,0.0,,LOW,
minecraft:large_amethyst_bud,Large Amethyst Bud,Materials,item,64,0,False,0.0,,LOW,
minecraft:large_fern,Large Fern,Nature,item,64,0,False,0.0,,LOW,
minecraft:lava_bucket,Lava Bucket,Tools,item,1,0,False,0.0,,LOW,
minecraft:lead,Lead,Tools,item,1,0,False,0.0,,LOW,
minecraft:leaf_litter,Leaf Litter,Nature,item,64,27,False,42.2,,LOW,
minecraft:leather,Leather,Misc,item,64,6,False,9.4,,LOW,
minecraft:leather_boots,Leather Boots,Armor,item,1,0,False,0.0,,LOW,
minecraft:leather_cap,Leather Cap,Misc,item,64,0,False,0.0,,LOW,
minecraft:leather_horse_armor,Leather Horse Armor,Misc,item,64,0,False,0.0,,LOW,
minecraft:leather_pants,Leather Pants,Misc,item,64,0,False,0.0,,LOW,
minecraft:leather_tunic,Leather Tunic,Misc,item,64,0,False,0.0,,LOW,
minecraft:lectern,Lectern,Misc,item,64,0,False,0.0,,LOW,
minecraft:lever,Lever,Redstone/Utility,item,64,0,False,0.0,,LOW,
minecraft:light_blue_banner,Light Blue Banner,Decorative,item,1,0,False,0.0,,LOW,
minecraft:light_blue_bed,Light Blue Bed,Decorative,item,1,0,False,0.0,,LOW,
minecraft:light_blue_bundle,Light Blue Bundle,Decorative,item,1,0,False,0.0,,LOW,
minecraft:light_blue_candle,Light Blue Candle,Decorative,item,64,0,False,0.0,,LOW,
minecraft:light_blue_carpet,Light Blue Carpet,Decorative,item,64,0,False,0.0,,LOW,
minecraft:light_blue_concrete,Light Blue Concrete,Decorative,item,64,0,False,0.0,,LOW,
minecraft:light_blue_concrete_powder,Light Blue Concrete Powder,Decorative,item,64,0,False,0.0,,LOW,
minecraft:light_blue_dye,Light Blue Dye,Decorative,item,64,0,False,0.0,,LOW,
minecraft:light_blue_glazed_terracotta,Light Blue Glazed Terracotta,Decorative,item,64,0,False,0.0,,LOW,
minecraft:light_blue_harness,Light Blue Harness,Armor,item,1,0,False,0.0,,LOW,
minecraft:light_blue_shulker_box,Light Blue Shulker Box,Decorative,item,1,0,False,0.0,,EXTREME,
minecraft:light_blue_stained_glass,Light Blue Stained Glass,Decorative,item,64,0,False,0.0,,LOW,
minecraft:light_blue_stained_glass_pane,Light Blue Stained Glass Pane,Decorative,item,64,0,False,0.0,,LOW,
minecraft:light_blue_terracotta,Light Blue Terracotta,Decorative,item,64,0,False,0.0,,LOW,
minecraft:light_blue_wool,Light Blue Wool,Decorative,item,64,0,False,0.0,,LOW,
minecraft:light_gray_banner,Light Gray Banner,Decorative,item,1,0,False,0.0,,LOW,
minecraft:light_gray_bed,Light Gray Bed,Decorative,item,1,0,False,0.0,,LOW,
minecraft:light_gray_bundle,Light Gray Bundle,Decorative,item,1,0,False,0.0,,LOW,
minecraft:light_gray_candle,Light Gray Candle,Decorative,item,64,0,False,0.0,,LOW,
minecraft:light_gray_carpet,Light Gray Carpet,Decorative,item,64,0,False,0.0,,LOW,
minecraft:light_gray_concrete,Light Gray Concrete,Decorative,item,64,0,False,0.0,,LOW,
minecraft:light_gray_concrete_powder,Light Gray Concrete Powder,Decorative,item,64,0,False,0.0,,LOW,
minecraft:light_gray_dye,Light Gray Dye,Decorative,item,64,0,False,0.0,,LOW,
minecraft:light_gray_glazed_terracotta,Light Gray Glazed Terracotta,Decorative,item,64,0,False,0.0,,LOW,
minecraft:light_gray_harness,Light Gray Harness,Armor,item,1,0,False,0.0,,LOW,
minecraft:light_gray_shulker_box,Light Gray Shulker Box,Decorative,item,1,0,False,0.0,,EXTREME,
minecraft:light_gray_stained_glass,Light Gray Stained Glass,Decorative,item,64,0,False,0.0,,LOW,
minecraft:light_gray_stained_glass_pane,Light Gray Stained Glass Pane,Decorative,item,64,0,False,0.0,,LOW,
minecraft:light_gray_terracotta,Light Gray Terracotta,Decorative,item,64,0,False,0.0,,LOW,
minecraft:light_gray_wool,Light Gray Wool,Decorative,item,64,0,False,0.0,,LOW,
minecraft:light_weighted_pressure_plate,Light Weighted Pressure Plate,Redstone/Utility,item,64,0,False,0.0,,LOW,
minecraft:lightning_rod,Lightning Rod,Misc,item,64,0,False,0.0,,LOW,
minecraft:lilac,Lilac,Misc,item,64,0,False,0.0,,LOW,
minecraft:lily_of_the_valley,Lily of the Valley,Nature,item,64,0,False,0.0,,LOW,
minecraft:lily_pad,Lily Pad,Nature,item,64,0,False,0.0,,LOW,
minecraft:lime_banner,Lime Banner,Decorative,item,1,0,False,0.0,,LOW,
minecraft:lime_bed,Lime Bed,Decorative,item,1,0,False,0.0,,LOW,
minecraft:lime_bundle,Lime Bundle,Decorative,item,1,0,False,0.0,,LOW,
minecraft:lime_candle,Lime Candle,Decorative,item,64,0,False,0.0,,LOW,
minecraft:lime_carpet,Lime Carpet,Decorative,item,64,0,False,0.0,,LOW,
minecraft:lime_concrete,Lime Concrete,Decorative,item,64,0,False,0.0,,LOW,
minecraft:lime_concrete_powder,Lime Concrete Powder,Decorative,item,64,0,False,0.0,,LOW,
minecraft:lime_dye,Lime Dye,Decorative,item,64,0,False,0.0,,LOW,
minecraft:lime_glazed_terracotta,Lime Glazed Terracotta,Decorative,item,64,0,False,0.0,,LOW,
minecraft:lime_harness,Lime Harness,Armor,item,1,0,False,0.0,,LOW,
minecraft:lime_shulker_box,Lime Shulker Box,Decorative,item,1,0,False,0.0,,EXTREME,
minecraft:lime_stained_glass,Lime Stained Glass,Decorative,item,64,0,False,0.0,,LOW,
minecraft:lime_stained_glass_pane,Lime Stained Glass Pane,Decorative,item,64,0,False,0.0,,LOW,
minecraft:lime_terracotta,Lime Terracotta,Decorative,item,64,0,False,0.0,,LOW,
minecraft:lime_wool,Lime Wool,Decorative,item,64,0,False,0.0,,LOW,
minecraft:lodestone,Lodestone,Building,item,64,0,False,0.0,,LOW,
minecraft:lodestone_compass,Lodestone Compass,Tools,item,1,0,False,0.0,,LOW,
minecraft:loom,Loom,Redstone/Utility,item,64,0,False,0.0,,LOW,
minecraft:mace,Mace,Weapons,item,1,0,False,0.0,,LOW,
minecraft:magenta_banner,Magenta Banner,Decorative,item,1,0,False,0.0,,LOW,
minecraft:magenta_bed,Magenta Bed,Decorative,item,1,0,False,0.0,,LOW,
minecraft:magenta_bundle,Magenta Bundle,Decorative,item,1,0,False,0.0,,LOW,
minecraft:magenta_candle,Magenta Candle,Decorative,item,64,0,False,0.0,,LOW,
minecraft:magenta_carpet,Magenta Carpet,Decorative,item,64,0,False,0.0,,LOW,
minecraft:magenta_concrete,Magenta Concrete,Decorative,item,64,0,False,0.0,,LOW,
minecraft:magenta_concrete_powder,Magenta Concrete Powder,Decorative,item,64,0,False,0.0,,LOW,
minecraft:magenta_dye,Magenta Dye,Decorative,item,64,0,False,0.0,,LOW,
minecraft:magenta_glazed_terracotta,Magenta Glazed Terracotta,Decorative,item,64,0,False,0.0,,LOW,
minecraft:magenta_harness,Magenta Harness,Armor,item,1,0,False,0.0,,LOW,
minecraft:magenta_shulker_box,Magenta Shulker Box,Decorative,item,1,0,False,0.0,,EXTREME,
minecraft:magenta_stained_glass,Magenta Stained Glass,Decorative,item,64,0,False,0.0,,LOW,
minecraft:magenta_stained_glass_pane,Magenta Stained Glass Pane,Decorative,item,64,0,False,0.0,,LOW,
minecraft:magenta_terracotta,Magenta Terracotta,Decorative,item,64,0,False,0.0,,LOW,
minecraft:magenta_wool,Magenta Wool,Decorative,item,64,0,False,0.0,,LOW,
minecraft:magma_block,Magma Block,Building,item,64,0,False,0.0,,LOW,
minecraft:magma_cream,Magma Cream,Building,item,64,0,False,0.0,,LOW,
minecraft:mangrove_boat,Mangrove Boat,Redstone/Utility,item,1,0,False,0.0,,LOW,
minecraft:mangrove_boat_with_chest,Mangrove Boat with Chest,Redstone/Utility,item,1,0,False,0.0,,LOW,
minecraft:mangrove_button,Mangrove Button,Redstone/Utility,item,64,0,False,0.0,,LOW,
minecraft:mangrove_door,Mangrove Door,Redstone/Utility,item,64,0,False,0.0,,LOW,
minecraft:mangrove_fence,Mangrove Fence,Wood,item,64,0,False,0.0,,LOW,
minecraft:mangrove_fence_gate,Mangrove Fence Gate,Redstone/Utility,item,64,0,False,0.0,,LOW,
minecraft:mangrove_hanging_sign,Mangrove Hanging Sign,Redstone/Utility,item,16,0,False,0.0,,LOW,
minecraft:mangrove_leaves,Mangrove Leaves,Wood,item,64,0,False,0.0,,LOW,
minecraft:mangrove_log,Mangrove Log,Wood,item,64,0,False,0.0,,LOW,
minecraft:mangrove_planks,Mangrove Planks,Wood,item,64,0,False,0.0,,LOW,
minecraft:mangrove_pressure_plate,Mangrove Pressure Plate,Redstone/Utility,item,64,0,False,0.0,,LOW,
minecraft:mangrove_propagule,Mangrove Propagule,Nature,item,64,0,False,0.0,,LOW,
minecraft:mangrove_roots,Mangrove Roots,Nature,item,64,0,False,0.0,,LOW,
minecraft:mangrove_shelf,Mangrove Shelf,Wood,item,64,0,False,0.0,,LOW,
minecraft:mangrove_sign,Mangrove Sign,Redstone/Utility,item,16,0,False,0.0,,LOW,
minecraft:mangrove_slab,Mangrove Slab,Wood,item,64,0,False,0.0,,LOW,
minecraft:mangrove_stairs,Mangrove Stairs,Wood,item,64,0,False,0.0,,LOW,
minecraft:mangrove_trapdoor,Mangrove Trapdoor,Redstone/Utility,item,64,0,False,0.0,,LOW,
minecraft:mangrove_wood,Mangrove Wood,Wood,item,64,0,False,0.0,,LOW,
minecraft:map,Map,Tools,item,1,0,False,0.0,,LOW,
minecraft:medium_amethyst_bud,Medium Amethyst Bud,Materials,item,64,0,False,0.0,,LOW,
minecraft:melon,Melon,Food,item,64,0,False,0.0,,LOW,
minecraft:melon_seeds,Melon Seeds,Food,item,64,0,False,0.0,,LOW,
minecraft:melon_slice,Melon Slice,Food,item,64,0,False,0.0,,LOW,
minecraft:milk_bucket,Milk Bucket,Tools,item,1,0,False,0.0,,LOW,
minecraft:minecart,Minecart,Redstone/Utility,item,1,0,False,0.0,,LOW,
minecraft:minecart_with_chest,Minecart with Chest,Redstone/Utility,item,1,0,False,0.0,,LOW,
minecraft:minecart_with_furnace,Minecart with Furnace‌[JE],Redstone/Utility,item,1,0,False,0.0,,LOW,
minecraft:minecart_with_hopper,Minecart with Hopper,Redstone/Utility,item,1,0,False,0.0,,LOW,
minecraft:minecart_with_tnt,Minecart with TNT,Redstone/Utility,item,1,0,False,0.0,,LOW,
minecraft:moss_block,Moss Block,Nature,item,64,0,False,0.0,,LOW,
minecraft:moss_carpet,Moss Carpet,Decorative,item,64,0,False,0.0,,LOW,
minecraft:mossy_cobblestone,Mossy Cobblestone,Nature,item,64,0,False,0.0,,LOW,
minecraft:mossy_cobblestone_slab,Mossy Cobblestone Slab,Nature,item,64,0,False,0.0,,LOW,
minecraft:mossy_cobblestone_stairs,Mossy Cobblestone Stairs,Nature,item,64,0,False,0.0,,LOW,
minecraft:mossy_cobblestone_wall,Mossy Cobblestone Wall,Nature,item,64,0,False,0.0,,LOW,
minecraft:mossy_stone_brick_slab,Mossy Stone Brick Slab,Nature,item,64,0,False,0.0,,LOW,
minecraft:mossy_stone_brick_stairs,Mossy Stone Brick Stairs,Nature,item,64,0,False,0.0,,LOW,
minecraft:mossy_stone_brick_wall,Mossy Stone Brick Wall,Nature,item,64,0,False,0.0,,LOW,
minecraft:mossy_stone_bricks,Mossy Stone Bricks,Nature,item,64,0,False,0.0,,LOW,
minecraft:mud,Mud,Building,item,64,0,False,0.0,,LOW,
minecraft:mud_brick_slab,Mud Brick Slab,Building,item,64,0,False,0.0,,LOW,
minecraft:mud_brick_stairs,Mud Brick Stairs,Building,item,64,0,False,0.0,,LOW,
minecraft:mud_brick_wall,Mud Brick Wall,Building,item,64,0,False,0.0,,LOW,
minecraft:mud_bricks,Mud Bricks,Building,item,64,0,False,0.0,,LOW,
minecraft:muddy_mangrove_roots,Muddy Mangrove Roots,Nature,item,64,0,False,0.0,,LOW,
minecraft:mushroom_stem,Mushroom Stem,Nature,item,64,0,False,0.0,,LOW,
minecraft:mushroom_stew,Mushroom Stew,Food,item,64,0,False,0.0,,LOW,
minecraft:music_disc_11,Music Disc (11),Music,item,1,0,False,0.0,,LOW,
minecraft:music_disc_13,Music Disc (13),Music,item,1,0,False,0.0,,LOW,
minecraft:music_disc_5,Music Disc (5),Music,item,1,0,False,0.0,,EXTREME,
minecraft:music_disc_blocks,Music Disc (Blocks),Music,item,1,0,False,0.0,,LOW,
minecraft:music_disc_cat,Music Disc (Cat),Music,item,1,0,False,0.0,,LOW,
minecraft:music_disc_chirp,Music Disc (Chirp),Music,item,1,0,False,0.0,,LOW,
minecraft:music_disc_creator_music_box,Music Disc (Creator Music Box),Music,item,1,0,False,0.0,,LOW,
minecraft:music_disc_creator,Music Disc (Creator),Music,item,1,0,False,0.0,,LOW,
minecraft:music_disc_far,Music Disc (Far),Music,item,1,0,False,0.0,,LOW,
minecraft:music_disc_lava_chicken,Music Disc (Lava Chicken),Food,item,1,0,False,0.0,,LOW,
minecraft:music_disc_mall,Music Disc (Mall),Music,item,1,0,False,0.0,,LOW,
minecraft:music_disc_mellohi,Music Disc (Mellohi),Music,item,1,0,False,0.0,,LOW,
minecraft:music_disc_otherside,Music Disc (Otherside),Music,item,1,0,False,0.0,,LOW,
minecraft:music_disc_pigstep,Music Disc (Pigstep),Music,item,1,0,False,0.0,,LOW,
minecraft:music_disc_precipe,Music Disc (Precipe),Music,item,1,0,False,0.0,,LOW,
minecraft:music_disc_relic,Music Disc (Relic),Music,item,1,0,False,0.0,,LOW,
minecraft:music_disc_stal,Music Disc (Stal),Music,item,1,0,False,0.0,,LOW,
minecraft:music_disc_strad,Music Disc (Strad),Music,item,1,0,False,0.0,,LOW,
minecraft:music_disc_tears,Music Disc (Tears),Music,item,1,0,False,0.0,,LOW,
minecraft:music_disc_wait,Music Disc (Wait),Music,item,1,0,False,0.0,,LOW,
minecraft:music_disc_ward,Music Disc (Ward),Music,item,1,0,False,0.0,,LOW,
minecraft:mycelium,Mycelium,Building,item,64,0,False,0.0,,LOW,
minecraft:name_tag,Name Tag,Tools,item,1,0,False,0.0,,LOW,
minecraft:nautilus_shell,Nautilus Shell,Misc,item,64,0,False,0.0,,MEDIUM,
minecraft:nether_brick,Nether Brick,Building,item,64,0,False,0.0,,MEDIUM,
minecraft:nether_brick_fence,Nether Brick Fence,Building,item,64,0,False,0.0,,MEDIUM,
minecraft:nether_brick_slab,Nether Brick Slab,Building,item,64,0,False,0.0,,MEDIUM,
minecraft:nether_brick_stairs,Nether Brick Stairs,Building,item,64,0,False,0.0,,MEDIUM,
minecraft:nether_brick_wall,Nether Brick Wall,Building,item,64,0,False,0.0,,MEDIUM,
minecraft:nether_bricks,Nether Bricks,Building,item,64,0,False,0.0,,MEDIUM,
minecraft:nether_gold_ore,Nether Gold Ore,Materials,item,64,0,False,0.0,,MEDIUM,
minecraft:nether_quartz,Nether Quartz,Materials,item,64,0,False,0.0,,MEDIUM,
minecraft:nether_quartz_ore,Nether Quartz Ore,Materials,item,64,0,False,0.0,,MEDIUM,
minecraft:nether_sprouts,Nether Sprouts,Misc,item,64,0,False,0.0,,MEDIUM,
minecraft:nether_star,Nether Star,Special,item,64,0,False,0.0,,EXTREME,
minecraft:nether_wart,Nether Wart,Misc,item,64,0,False,0.0,,MEDIUM,
minecraft:nether_wart_block,Nether Wart Block,Misc,item,64,0,False,0.0,,MEDIUM,
minecraft:netherite_axe,Netherite Axe,Weapons,item,1,0,False,0.0,,HIGH,
minecraft:netherite_boots,Netherite Boots,Armor,item,1,0,False,0.0,,HIGH,
minecraft:netherite_chestplate,Netherite Chestplate,Armor,item,1,0,False,0.0,,HIGH,
minecraft:netherite_helmet,Netherite Helmet,Armor,item,1,0,False,0.0,,HIGH,
minecraft:netherite_hoe,Netherite Hoe,Tools,item,1,0,False,0.0,,HIGH,
minecraft:netherite_horse_armor,Netherite Horse Armor,Materials,item,64,0,False,0.0,,HIGH,
minecraft:netherite_ingot,Netherite Ingot,Materials,item,64,0,False,0.0,,HIGH,
minecraft:netherite_leggings,Netherite Leggings,Armor,item,1,0,False,0.0,,HIGH,
minecraft:netherite_nautilus_armor,Netherite Nautilus Armor,Materials,item,64,0,False,0.0,,HIGH,
minecraft:netherite_pickaxe,Netherite Pickaxe,Weapons,item,1,0,False,0.0,,HIGH,
minecraft:netherite_scrap,Netherite Scrap,Materials,item,64,0,False,0.0,,HIGH,
minecraft:netherite_shovel,Netherite Shovel,Tools,item,1,0,False,0.0,,HIGH,
minecraft:netherite_spear,Netherite Spear,Materials,item,64,0,False,0.0,,HIGH,
minecraft:netherite_sword,Netherite Sword,Weapons,item,1,0,False,0.0,,HIGH,
minecraft:netherrack,Netherrack,Misc,item,64,0,False,0.0,,MEDIUM,
minecraft:oak_boat,Oak Boat,Redstone/Utility,item,1,0,False,0.0,,LOW,
minecraft:oak_boat_with_chest,Oak Boat with Chest,Redstone/Utility,item,1,0,False,0.0,,LOW,
minecraft:oak_button,Oak Button,Redstone/Utility,item,64,0,False,0.0,,LOW,
minecraft:oak_door,Oak Door,Redstone/Utility,item,64,0,False,0.0,,LOW,
minecraft:oak_fence,Oak Fence,Wood,item,64,0,False,0.0,,LOW,
minecraft:oak_fence_gate,Oak Fence Gate,Redstone/Utility,item,64,0,False,0.0,,LOW,
minecraft:oak_hanging_sign,Oak Hanging Sign,Redstone/Utility,item,16,0,False,0.0,,LOW,
minecraft:oak_leaves,Oak Leaves,Wood,item,64,0,False,0.0,,LOW,
minecraft:oak_log,Oak Log,Wood,item,64,35,False,54.7,,LOW,
minecraft:oak_planks,Oak Planks,Wood,item,64,136,True,100,,LOW,
minecraft:oak_pressure_plate,Oak Pressure Plate,Redstone/Utility,item,64,0,False,0.0,,LOW,
minecraft:oak_sapling,Oak Sapling,Wood,item,64,8,False,12.5,,LOW,
minecraft:oak_shelf,Oak Shelf,Wood,item,64,0,False,0.0,,LOW,
minecraft:oak_sign,Oak Sign,Redstone/Utility,item,16,0,False,0.0,,LOW,
minecraft:oak_slab,Oak Slab,Wood,item,64,0,False,0.0,,LOW,
minecraft:oak_stairs,Oak Stairs,Wood,item,64,0,False,0.0,,LOW,
minecraft:oak_trapdoor,Oak Trapdoor,Redstone/Utility,item,64,0,False,0.0,,LOW,
minecraft:oak_wood,Oak Wood,Wood,item,64,0,False,0.0,,LOW,
minecraft:observer,Observer,Redstone/Utility,item,64,0,False,0.0,,LOW,
minecraft:obsidian,Obsidian,Misc,item,64,0,False,0.0,,LOW,
minecraft:ocean_explorer_map,Ocean Explorer Map,Tools,item,1,0,False,0.0,,LOW,
minecraft:ochre_froglight,Ochre Froglight,Misc,item,64,0,False,0.0,,LOW,
minecraft:ominous_banner,Ominous Banner,Decorative,item,1,0,False,0.0,,EXTREME,
minecraft:ominous_trial_key,Ominous Trial Key,Misc,item,64,0,False,0.0,,EXTREME,
minecraft:open_eyeblossom,Open Eyeblossom,Misc,item,64,0,False,0.0,,LOW,
minecraft:orange_banner,Orange Banner,Decorative,item,1,0,False,0.0,,LOW,
minecraft:orange_bed,Orange Bed,Decorative,item,1,0,False,0.0,,LOW,
minecraft:orange_bundle,Orange Bundle,Decorative,item,1,0,False,0.0,,LOW,
minecraft:orange_candle,Orange Candle,Decorative,item,64,0,False,0.0,,LOW,
minecraft:orange_carpet,Orange Carpet,Decorative,item,64,0,False,0.0,,LOW,
minecraft:orange_concrete,Orange Concrete,Decorative,item,64,0,False,0.0,,LOW,
minecraft:orange_concrete_powder,Orange Concrete Powder,Decorative,item,64,0,False,0.0,,LOW,
minecraft:orange_dye,Orange Dye,Decorative,item,64,0,False,0.0,,LOW,
minecraft:orange_glazed_terracotta,Orange Glazed Terracotta,Decorative,item,64,0,False,0.0,,LOW,
minecraft:orange_harness,Orange Harness,Armor,item,1,0,False,0.0,,LOW,
minecraft:orange_shulker_box,Orange Shulker Box,Decorative,item,1,0,False,0.0,,EXTREME,
minecraft:orange_stained_glass,Orange Stained Glass,Decorative,item,64,0,False,0.0,,LOW,
minecraft:orange_stained_glass_pane,Orange Stained Glass Pane,Decorative,item,64,0,False,0.0,,LOW,
minecraft:orange_terracotta,Orange Terracotta,Decorative,item,64,0,False,0.0,,LOW,
minecraft:orange_tulip,Orange Tulip,Misc,item,64,0,False,0.0,,LOW,
minecraft:orange_wool,Orange Wool,Decorative,item,64,0,False,0.0,,LOW,
minecraft:oxeye_daisy,Oxeye Daisy,Misc,item,64,0,False,0.0,,LOW,
minecraft:oxidized_chiseled_copper,Oxidized Chiseled Copper,Misc,item,64,0,False,0.0,,LOW,
minecraft:oxidized_copper,Oxidized Copper,Misc,item,64,0,False,0.0,,LOW,
minecraft:oxidized_copper_bars,Oxidized Copper Bars,Misc,item,64,0,False,0.0,,LOW,
minecraft:oxidized_copper_bulb,Oxidized Copper Bulb,Misc,item,64,0,False,0.0,,LOW,
minecraft:oxidized_copper_chain,Oxidized Copper Chain,Misc,item,64,0,False,0.0,,LOW,
minecraft:oxidized_copper_chest,Oxidized Copper Chest,Redstone/Utility,item,64,0,False,0.0,,LOW,
minecraft:oxidized_copper_door,Oxidized Copper Door,Redstone/Utility,item,64,0,False,0.0,,LOW,
minecraft:oxidized_copper_golem_statue,Oxidized Copper Golem Statue,Misc,item,64,0,False,0.0,,LOW,
minecraft:oxidized_copper_grate,Oxidized Copper Grate,Misc,item,64,0,False,0.0,,LOW,
minecraft:oxidized_copper_lantern,Oxidized Copper Lantern,Misc,item,64,0,False,0.0,,LOW,
minecraft:oxidized_copper_trapdoor,Oxidized Copper Trapdoor,Redstone/Utility,item,64,0,False,0.0,,LOW,
minecraft:oxidized_cut_copper,Oxidized Cut Copper,Misc,item,64,0,False,0.0,,LOW,
minecraft:oxidized_cut_copper_slab,Oxidized Cut Copper Slab,Misc,item,64,0,False,0.0,,LOW,
minecraft:oxidized_cut_copper_stairs,Oxidized Cut Copper Stairs,Misc,item,64,0,False,0.0,,LOW,
minecraft:oxidized_lightning_rod,Oxidized Lightning Rod,Misc,item,64,0,False,0.0,,LOW,
minecraft:packed_ice,Packed Ice,Misc,item,64,0,False,0.0,,LOW,
minecraft:packed_mud,Packed Mud,Building,item,64,0,False,0.0,,LOW,
minecraft:painting,Painting,Misc,item,64,0,False,0.0,,LOW,
minecraft:pale_hanging_moss,Pale Hanging Moss,Nature,item,64,0,False,0.0,,LOW,
minecraft:pale_moss_block,Pale Moss Block,Nature,item,64,0,False,0.0,,LOW,
minecraft:pale_moss_carpet,Pale Moss Carpet,Decorative,item,64,0,False,0.0,,LOW,
minecraft:pale_oak_boat,Pale Oak Boat,Redstone/Utility,item,1,0,False,0.0,,LOW,
minecraft:pale_oak_boat_with_chest,Pale Oak Boat with Chest,Redstone/Utility,item,1,0,False,0.0,,LOW,
minecraft:pale_oak_button,Pale Oak Button,Redstone/Utility,item,64,0,False,0.0,,LOW,
minecraft:pale_oak_door,Pale Oak Door,Redstone/Utility,item,64,0,False,0.0,,LOW,
minecraft:pale_oak_fence,Pale Oak Fence,Wood,item,64,0,False,0.0,,LOW,
minecraft:pale_oak_fence_gate,Pale Oak Fence Gate,Redstone/Utility,item,64,0,False,0.0,,LOW,
minecraft:pale_oak_hanging_sign,Pale Oak Hanging Sign,Redstone/Utility,item,16,0,False,0.0,,LOW,
minecraft:pale_oak_leaves,Pale Oak Leaves,Wood,item,64,0,False,0.0,,LOW,
minecraft:pale_oak_log,Pale Oak Log,Wood,item,64,0,False,0.0,,LOW,
minecraft:pale_oak_planks,Pale Oak Planks,Wood,item,64,0,False,0.0,,LOW,
minecraft:pale_oak_pressure_plate,Pale Oak Pressure Plate,Redstone/Utility,item,64,0,False,0.0,,LOW,
minecraft:pale_oak_sapling,Pale Oak Sapling,Wood,item,64,0,False,0.0,,LOW,
minecraft:pale_oak_shelf,Pale Oak Shelf,Wood,item,64,0,False,0.0,,LOW,
minecraft:pale_oak_sign,Pale Oak Sign,Redstone/Utility,item,16,0,False,0.0,,LOW,
minecraft:pale_oak_slab,Pale Oak Slab,Wood,item,64,0,False,0.0,,LOW,
minecraft:pale_oak_stairs,Pale Oak Stairs,Wood,item,64,0,False,0.0,,LOW,
minecraft:pale_oak_trapdoor,Pale Oak Trapdoor,Redstone/Utility,item,64,0,False,0.0,,LOW,
minecraft:pale_oak_wood,Pale Oak Wood,Wood,item,64,0,False,0.0,,LOW,
minecraft:paper,Paper,Misc,item,64,0,False,0.0,,LOW,
minecraft:pearlescent_froglight,Pearlescent Froglight,Misc,item,64,0,False,0.0,,LOW,
minecraft:peony,Peony,Misc,item,64,0,False,0.0,,LOW,
minecraft:petrified_oak_slab,Petrified Oak Slab,Wood,item,64,0,False,0.0,,LOW,
minecraft:phantom_membrane,Phantom Membrane,Misc,item,64,0,False,0.0,,MEDIUM,
minecraft:piglin_head,Piglin Head,Misc,item,64,0,False,0.0,,MEDIUM,
minecraft:pink_banner,Pink Banner,Decorative,item,1,0,False,0.0,,LOW,
minecraft:pink_bed,Pink Bed,Decorative,item,1,0,False,0.0,,LOW,
minecraft:pink_bundle,Pink Bundle,Decorative,item,1,0,False,0.0,,LOW,
minecraft:pink_candle,Pink Candle,Decorative,item,64,0,False,0.0,,LOW,
minecraft:pink_carpet,Pink Carpet,Decorative,item,64,0,False,0.0,,LOW,
minecraft:pink_concrete,Pink Concrete,Decorative,item,64,0,False,0.0,,LOW,
minecraft:pink_concrete_powder,Pink Concrete Powder,Decorative,item,64,0,False,0.0,,LOW,
minecraft:pink_dye,Pink Dye,Decorative,item,64,0,False,0.0,,LOW,
minecraft:pink_glazed_terracotta,Pink Glazed Terracotta,Decorative,item,64,0,False,0.0,,LOW,
minecraft:pink_harness,Pink Harness,Armor,item,1,0,False,0.0,,LOW,
minecraft:pink_petals,Pink Petals,Nature,item,64,0,False,0.0,,LOW,
minecraft:pink_shulker_box,Pink Shulker Box,Decorative,item,1,0,False,0.0,,EXTREME,
minecraft:pink_stained_glass,Pink Stained Glass,Decorative,item,64,0,False,0.0,,LOW,
minecraft:pink_stained_glass_pane,Pink Stained Glass Pane,Decorative,item,64,0,False,0.0,,LOW,
minecraft:pink_terracotta,Pink Terracotta,Decorative,item,64,0,False,0.0,,LOW,
minecraft:pink_tulip,Pink Tulip,Misc,item,64,0,False,0.0,,LOW,
minecraft:pink_wool,Pink Wool,Decorative,item,64,0,False,0.0,,LOW,
